Subject,Age,AllowedTime,Order,Trial,Center,Top,Target,TargetAngle,EstimateAngle,AngularError,Average,SD
9,19,20,Random,7,drum,trash can,tree,146.5,217,70,29.69,37.95
9,19,20,Random,16,drum,bell,wheel,173.5,187,14,29.69,37.95
9,19,20,Random,14,barrell,tree,basketball,311.5,333,22,29.69,37.95
9,19,20,Random,26,drum,basketball,trash can,164,181,17,29.69,37.95
9,19,20,Random,22,drum,tree,barrell,55,98,43,29.69,37.95
9,19,20,Random,3,basketball,wheel,trash can,68.5,90,22,29.69,37.95
9,19,20,Random,19,traffic light,drum,barrell,54.5,92,38,29.69,37.95
9,19,20,Random,1,bell,traffic light,drum,336.5,328,8,29.69,37.95
9,19,20,Random,25,trash can,barrell,wheel,18,46,28,29.69,37.95
9,19,20,Random,29,stool,basketball,trash can,106,74,32,29.69,37.95
9,19,20,Random,30,drum,wheel,bell,185,178,7,29.69,37.95
9,19,20,Random,18,wheel,tree,drum,310,341,31,29.69,37.95
9,19,20,Random,24,traffic light,barrell,basketball,342,347,5,29.69,37.95
9,19,20,Random,15,wheel,stool,drum,333.5,340,6,29.69,37.95
9,19,20,Random,5,stool,drum,wheel,311,319,8,29.69,37.95
9,19,20,Random,17,basketball,tree,wheel,184,177,7,29.69,37.95
9,19,20,Random,28,stool,barrell,traffic light,89.5,126,36,29.69,37.95
9,19,20,Random,11,barrell,basketball,stool,13.5,31,18,29.69,37.95
9,19,20,Random,8,barrell,traffic light,bell,40,169,129,29.69,37.95
9,19,20,Random,31,tree ,barrell,basketball,35,53,18,29.69,37.95
9,19,20,Random,23,trash can,tree,wheel,50,66,16,29.69,37.95
9,19,20,Random,4,drum,traffic light,stool,193,205,12,29.69,37.95
9,19,20,Random,10,wheel,traffic light,barrell,144,159,15,29.69,37.95
9,19,20,Random,2,tree,basketball,wheel,2.5,1,2,29.69,37.95
9,19,20,Random,20,trash can,bell,tree,34,20,14,29.69,37.95
9,19,20,Random,27,bell,stool,tree,331.5,323,8,29.69,37.95
9,19,20,Random,6,tree ,trash can,bell,25,67,42,29.69,37.95
9,19,20,Random,9,barrell,trash can,tree,64.5,163,98,29.69,37.95
9,19,20,Random,21,drum,stool,trash can,220,49,171,29.69,37.95
9,19,20,Random,12,barrell,bell,wheel,306,311,5,29.69,37.95
9,19,20,Random,32,stool,wheel,barrell,312.5,317,4,29.69,37.95
9,19,20,Random,13,basketball,bell,tree,67.5,72,4,29.69,37.95
48,23,20,Random,2,tree,basketball,wheel,2.5,2,1,9.12,12.84
48,23,20,Random,12,barrell,bell,wheel,306,323,17,9.12,12.84
48,23,20,Random,6,tree ,trash can,bell,25,31,6,9.12,12.84
48,23,20,Random,22,drum,tree,barrell,55,66,11,9.12,12.84
48,23,20,Random,8,barrell,traffic light,bell,40,44,4,9.12,12.84
48,23,20,Random,4,drum,traffic light,stool,193,188,5,9.12,12.84
48,23,20,Random,3,basketball,wheel,trash can,68.5,79,10,9.12,12.84
48,23,20,Random,16,drum,bell,wheel,173.5,182,8,9.12,12.84
48,23,20,Random,25,trash can,barrell,wheel,18,18,0,9.12,12.84
48,23,20,Random,31,tree ,barrell,basketball,35,38,3,9.12,12.84
48,23,20,Random,10,wheel,traffic light,barrell,144,157,13,9.12,12.84
48,23,20,Random,21,drum,stool,trash can,220,224,4,9.12,12.84
48,23,20,Random,30,drum,wheel,bell,185,183,2,9.12,12.84
48,23,20,Random,14,barrell,tree,basketball,311.5,314,2,9.12,12.84
48,23,20,Random,13,basketball,bell,tree,67.5,56,12,9.12,12.84
48,23,20,Random,18,wheel,tree,drum,310,326,16,9.12,12.84
48,23,20,Random,11,barrell,basketball,stool,13.5,8,6,9.12,12.84
48,23,20,Random,9,barrell,trash can,tree,64.5,50,14,9.12,12.84
48,23,20,Random,26,drum,basketball,trash can,164,168,4,9.12,12.84
48,23,20,Random,23,trash can,tree,wheel,50,67,17,9.12,12.84
48,23,20,Random,20,trash can,bell,tree,34,321,73,9.12,12.84
48,23,20,Random,17,basketball,tree,wheel,184,183,1,9.12,12.84
48,23,20,Random,1,bell,traffic light,drum,336.5,339,2,9.12,12.84
48,23,20,Random,29,stool,basketball,trash can,106,89,17,9.12,12.84
48,23,20,Random,5,stool,drum,wheel,311,311,0,9.12,12.84
48,23,20,Random,15,wheel,stool,drum,333.5,321,12,9.12,12.84
48,23,20,Random,24,traffic light,barrell,basketball,342,333,9,9.12,12.84
48,23,20,Random,27,bell,stool,tree,331.5,326,6,9.12,12.84
48,23,20,Random,32,stool,wheel,barrell,312.5,308,4,9.12,12.84
48,23,20,Random,19,traffic light,drum,barrell,54.5,63,8,9.12,12.84
48,23,20,Random,28,stool,barrell,traffic light,89.5,89,1,9.12,12.84
48,23,20,Random,7,drum,trash can,tree,146.5,151,4,9.12,12.84
8,19,20,Random,25,trash can,barrell,wheel,18,19,1,13.22,11.37
8,19,20,Random,1,bell,traffic light,drum,336.5,338,2,13.22,11.37
8,19,20,Random,21,drum,stool,trash can,220,208,12,13.22,11.37
8,19,20,Random,11,barrell,basketball,stool,13.5,12,2,13.22,11.37
8,19,20,Random,20,trash can,bell,tree,34,29,5,13.22,11.37
8,19,20,Random,14,barrell,tree,basketball,311.5,339,28,13.22,11.37
8,19,20,Random,19,traffic light,drum,barrell,54.5,32,22,13.22,11.37
8,19,20,Random,9,barrell,trash can,tree,64.5,51,14,13.22,11.37
8,19,20,Random,5,stool,drum,wheel,311,338,27,13.22,11.37
8,19,20,Random,6,tree ,trash can,bell,25,39,14,13.22,11.37
8,19,20,Random,2,tree,basketball,wheel,2.5,12,10,13.22,11.37
8,19,20,Random,29,stool,basketball,trash can,106,102,4,13.22,11.37
8,19,20,Random,10,wheel,traffic light,barrell,144,153,9,13.22,11.37
8,19,20,Random,31,tree ,barrell,basketball,35,31,4,13.22,11.37
8,19,20,Random,15,wheel,stool,drum,333.5,344,10,13.22,11.37
8,19,20,Random,4,drum,traffic light,stool,193,199,6,13.22,11.37
8,19,20,Random,7,drum,trash can,tree,146.5,194,48,13.22,11.37
8,19,20,Random,28,stool,barrell,traffic light,89.5,110,20,13.22,11.37
8,19,20,Random,18,wheel,tree,drum,310,323,13,13.22,11.37
8,19,20,Random,26,drum,basketball,trash can,164,171,7,13.22,11.37
8,19,20,Random,24,traffic light,barrell,basketball,342,331,11,13.22,11.37
8,19,20,Random,8,barrell,traffic light,bell,40,82,42,13.22,11.37
8,19,20,Random,22,drum,tree,barrell,55,69,14,13.22,11.37
8,19,20,Random,12,barrell,bell,wheel,306,308,2,13.22,11.37
8,19,20,Random,30,drum,wheel,bell,185,174,11,13.22,11.37
8,19,20,Random,32,stool,wheel,barrell,312.5,309,4,13.22,11.37
8,19,20,Random,23,trash can,tree,wheel,50,75,25,13.22,11.37
8,19,20,Random,27,bell,stool,tree,331.5,325,6,13.22,11.37
8,19,20,Random,16,drum,bell,wheel,173.5,167,6,13.22,11.37
8,19,20,Random,13,basketball,bell,tree,67.5,42,26,13.22,11.37
8,19,20,Random,3,basketball,wheel,trash can,68.5,76,8,13.22,11.37
8,19,20,Random,17,basketball,tree,wheel,184,194,10,13.22,11.37
17,18,20,Random,7,drum,trash can,tree,146.5,142,4,12.00,15.05
17,18,20,Random,8,barrell,traffic light,bell,40,54,14,12.00,15.05
17,18,20,Random,14,barrell,tree,basketball,311.5,303,8,12.00,15.05
17,18,20,Random,23,trash can,tree,wheel,50,37,13,12.00,15.05
17,18,20,Random,31,tree ,barrell,basketball,35,312,83,12.00,15.05
17,18,20,Random,22,drum,tree,barrell,55,78,23,12.00,15.05
17,18,20,Random,4,drum,traffic light,stool,193,194,1,12.00,15.05
17,18,20,Random,28,stool,barrell,traffic light,89.5,80,10,12.00,15.05
17,18,20,Random,24,traffic light,barrell,basketball,342,337,5,12.00,15.05
17,18,20,Random,27,bell,stool,tree,331.5,343,12,12.00,15.05
17,18,20,Random,5,stool,drum,wheel,311,338,27,12.00,15.05
17,18,20,Random,12,barrell,bell,wheel,306,299,7,12.00,15.05
17,18,20,Random,21,drum,stool,trash can,220,221,1,12.00,15.05
17,18,20,Random,13,basketball,bell,tree,67.5,38,30,12.00,15.05
17,18,20,Random,19,traffic light,drum,barrell,54.5,65,10,12.00,15.05
17,18,20,Random,30,drum,wheel,bell,185,188,3,12.00,15.05
17,18,20,Random,20,trash can,bell,tree,34,34,0,12.00,15.05
17,18,20,Random,32,stool,wheel,barrell,312.5,312,1,12.00,15.05
17,18,20,Random,11,barrell,basketball,stool,13.5,14,1,12.00,15.05
17,18,20,Random,18,wheel,tree,drum,310,323,13,12.00,15.05
17,18,20,Random,9,barrell,trash can,tree,64.5,54,10,12.00,15.05
17,18,20,Random,17,basketball,tree,wheel,184,187,3,12.00,15.05
17,18,20,Random,3,basketball,wheel,trash can,68.5,80,12,12.00,15.05
17,18,20,Random,16,drum,bell,wheel,173.5,187,14,12.00,15.05
17,18,20,Random,2,tree,basketball,wheel,2.5,11,8,12.00,15.05
17,18,20,Random,25,trash can,barrell,wheel,18,20,2,12.00,15.05
17,18,20,Random,6,tree ,trash can,bell,25,42,17,12.00,15.05
17,18,20,Random,26,drum,basketball,trash can,164,149,15,12.00,15.05
17,18,20,Random,10,wheel,traffic light,barrell,144,139,5,12.00,15.05
17,18,20,Random,29,stool,basketball,trash can,106,86,20,12.00,15.05
17,18,20,Random,15,wheel,stool,drum,333.5,341,8,12.00,15.05
17,18,20,Random,1,bell,traffic light,drum,336.5,340,4,12.00,15.05
16,18,20,Random,6,tree ,trash can,bell,25,26,1,40.78,39.36
16,18,20,Random,14,barrell,tree,basketball,311.5,33,82,40.78,39.36
16,18,20,Random,4,drum,traffic light,stool,193,197,4,40.78,39.36
16,18,20,Random,16,drum,bell,wheel,173.5,201,28,40.78,39.36
16,18,20,Random,5,stool,drum,wheel,311,334,23,40.78,39.36
16,18,20,Random,11,barrell,basketball,stool,13.5,343,30,40.78,39.36
16,18,20,Random,26,drum,basketball,trash can,164,179,15,40.78,39.36
16,18,20,Random,27,bell,stool,tree,331.5,294,38,40.78,39.36
16,18,20,Random,31,tree ,barrell,basketball,35,24,11,40.78,39.36
16,18,20,Random,28,stool,barrell,traffic light,89.5,148,58,40.78,39.36
16,18,20,Random,19,traffic light,drum,barrell,54.5,305,110,40.78,39.36
16,18,20,Random,1,bell,traffic light,drum,336.5,330,6,40.78,39.36
16,18,20,Random,15,wheel,stool,drum,333.5,335,2,40.78,39.36
16,18,20,Random,9,barrell,trash can,tree,64.5,154,90,40.78,39.36
16,18,20,Random,29,stool,basketball,trash can,106,157,51,40.78,39.36
16,18,20,Random,2,tree,basketball,wheel,2.5,5,2,40.78,39.36
16,18,20,Random,32,stool,wheel,barrell,312.5,291,22,40.78,39.36
16,18,20,Random,13,basketball,bell,tree,67.5,49,18,40.78,39.36
16,18,20,Random,17,basketball,tree,wheel,184,186,2,40.78,39.36
16,18,20,Random,21,drum,stool,trash can,220,229,9,40.78,39.36
16,18,20,Random,23,trash can,tree,wheel,50,109,59,40.78,39.36
16,18,20,Random,7,drum,trash can,tree,146.5,203,56,40.78,39.36
16,18,20,Random,30,drum,wheel,bell,185,175,10,40.78,39.36
16,18,20,Random,18,wheel,tree,drum,310,24,74,40.78,39.36
16,18,20,Random,3,basketball,wheel,trash can,68.5,132,64,40.78,39.36
16,18,20,Random,8,barrell,traffic light,bell,40,160,120,40.78,39.36
16,18,20,Random,24,traffic light,barrell,basketball,342,327,15,40.78,39.36
16,18,20,Random,20,trash can,bell,tree,34,41,7,40.78,39.36
16,18,20,Random,22,drum,tree,barrell,55,78,23,40.78,39.36
16,18,20,Random,10,wheel,traffic light,barrell,144,247,103,40.78,39.36
16,18,20,Random,25,trash can,barrell,wheel,18,47,29,40.78,39.36
16,18,20,Random,12,barrell,bell,wheel,306,89,143,40.78,39.36
14,18,20,Random,4,drum,traffic light,stool,193,192,1,15.92,16.49
14,18,20,Random,13,basketball,bell,tree,67.5,92,24,15.92,16.49
14,18,20,Random,2,tree,basketball,wheel,2.5,10,8,15.92,16.49
14,18,20,Random,27,bell,stool,tree,331.5,284,48,15.92,16.49
14,18,20,Random,16,drum,bell,wheel,173.5,182,8,15.92,16.49
14,18,20,Random,28,stool,barrell,traffic light,89.5,93,4,15.92,16.49
14,18,20,Random,32,stool,wheel,barrell,312.5,312,1,15.92,16.49
14,18,20,Random,23,trash can,tree,wheel,50,57,7,15.92,16.49
14,18,20,Random,1,bell,traffic light,drum,336.5,327,10,15.92,16.49
14,18,20,Random,22,drum,tree,barrell,55,48,7,15.92,16.49
14,18,20,Random,3,basketball,wheel,trash can,68.5,97,28,15.92,16.49
14,18,20,Random,30,drum,wheel,bell,185,140,45,15.92,16.49
14,18,20,Random,9,barrell,trash can,tree,64.5,37,28,15.92,16.49
14,18,20,Random,17,basketball,tree,wheel,184,181,3,15.92,16.49
14,18,20,Random,20,trash can,bell,tree,34,146,112,15.92,16.49
14,18,20,Random,24,traffic light,barrell,basketball,342,338,4,15.92,16.49
14,18,20,Random,29,stool,basketball,trash can,106,121,15,15.92,16.49
14,18,20,Random,11,barrell,basketball,stool,13.5,9,4,15.92,16.49
14,18,20,Random,6,tree ,trash can,bell,25,11,14,15.92,16.49
14,18,20,Random,18,wheel,tree,drum,310,326,16,15.92,16.49
14,18,20,Random,19,traffic light,drum,barrell,54.5,48,6,15.92,16.49
14,18,20,Random,8,barrell,traffic light,bell,40,42,2,15.92,16.49
14,18,20,Random,26,drum,basketball,trash can,164,166,2,15.92,16.49
14,18,20,Random,21,drum,stool,trash can,220,210,10,15.92,16.49
14,18,20,Random,7,drum,trash can,tree,146.5,134,12,15.92,16.49
14,18,20,Random,14,barrell,tree,basketball,311.5,327,16,15.92,16.49
14,18,20,Random,10,wheel,traffic light,barrell,144,154,10,15.92,16.49
14,18,20,Random,31,tree ,barrell,basketball,35,23,12,15.92,16.49
14,18,20,Random,15,wheel,stool,drum,333.5,340,6,15.92,16.49
14,18,20,Random,25,trash can,barrell,wheel,18,17,1,15.92,16.49
14,18,20,Random,5,stool,drum,wheel,311,335,24,15.92,16.49
14,18,20,Random,12,barrell,bell,wheel,306,313,7,15.92,16.49
28,19,20,Random,31,tree ,barrell,basketball,35,29,6,6.83,5.56
28,19,20,Random,4,drum,traffic light,stool,193,189,4,6.83,5.56
28,19,20,Random,27,bell,stool,tree,331.5,340,8,6.83,5.56
28,19,20,Random,11,barrell,basketball,stool,13.5,12,2,6.83,5.56
28,19,20,Random,9,barrell,trash can,tree,64.5,42,22,6.83,5.56
28,19,20,Random,13,basketball,bell,tree,67.5,58,10,6.83,5.56
28,19,20,Random,8,barrell,traffic light,bell,40,48,8,6.83,5.56
28,19,20,Random,26,drum,basketball,trash can,164,164,0,6.83,5.56
28,19,20,Random,16,drum,bell,wheel,173.5,181,8,6.83,5.56
28,19,20,Random,7,drum,trash can,tree,146.5,151,4,6.83,5.56
28,19,20,Random,32,stool,wheel,barrell,312.5,307,6,6.83,5.56
28,19,20,Random,2,tree,basketball,wheel,2.5,359,4,6.83,5.56
28,19,20,Random,29,stool,basketball,trash can,106,90,16,6.83,5.56
28,19,20,Random,19,traffic light,drum,barrell,54.5,46,8,6.83,5.56
28,19,20,Random,14,barrell,tree,basketball,311.5,320,8,6.83,5.56
28,19,20,Random,17,basketball,tree,wheel,184,181,3,6.83,5.56
28,19,20,Random,24,traffic light,barrell,basketball,342,341,1,6.83,5.56
28,19,20,Random,22,drum,tree,barrell,55,73,18,6.83,5.56
28,19,20,Random,30,drum,wheel,bell,185,179,6,6.83,5.56
28,19,20,Random,5,stool,drum,wheel,311,323,12,6.83,5.56
28,19,20,Random,1,bell,traffic light,drum,336.5,344,8,6.83,5.56
28,19,20,Random,23,trash can,tree,wheel,50,78,28,6.83,5.56
28,19,20,Random,6,tree ,trash can,bell,25,29,4,6.83,5.56
28,19,20,Random,3,basketball,wheel,trash can,68.5,82,14,6.83,5.56
28,19,20,Random,21,drum,stool,trash can,220,210,10,6.83,5.56
28,19,20,Random,20,trash can,bell,tree,34,46,12,6.83,5.56
28,19,20,Random,25,trash can,barrell,wheel,18,20,2,6.83,5.56
28,19,20,Random,28,stool,barrell,traffic light,89.5,84,6,6.83,5.56
28,19,20,Random,18,wheel,tree,drum,310,326,16,6.83,5.56
28,19,20,Random,12,barrell,bell,wheel,306,302,4,6.83,5.56
28,19,20,Random,15,wheel,stool,drum,333.5,338,4,6.83,5.56
28,19,20,Random,10,wheel,traffic light,barrell,144,140,4,6.83,5.56
29,18,20,Random,19,traffic light,drum,barrell,54.5,29,26,10.83,8.74
29,18,20,Random,23,trash can,tree,wheel,50,33,17,10.83,8.74
29,18,20,Random,1,bell,traffic light,drum,336.5,333,4,10.83,8.74
29,18,20,Random,28,stool,barrell,traffic light,89.5,63,26,10.83,8.74
29,18,20,Random,21,drum,stool,trash can,220,230,10,10.83,8.74
29,18,20,Random,31,tree ,barrell,basketball,35,42,7,10.83,8.74
29,18,20,Random,13,basketball,bell,tree,67.5,61,6,10.83,8.74
29,18,20,Random,5,stool,drum,wheel,311,294,17,10.83,8.74
29,18,20,Random,30,drum,wheel,bell,185,182,3,10.83,8.74
29,18,20,Random,11,barrell,basketball,stool,13.5,16,2,10.83,8.74
29,18,20,Random,2,tree,basketball,wheel,2.5,4,2,10.83,8.74
29,18,20,Random,17,basketball,tree,wheel,184,194,10,10.83,8.74
29,18,20,Random,29,stool,basketball,trash can,106,113,7,10.83,8.74
29,18,20,Random,16,drum,bell,wheel,173.5,177,4,10.83,8.74
29,18,20,Random,25,trash can,barrell,wheel,18,21,3,10.83,8.74
29,18,20,Random,10,wheel,traffic light,barrell,144,130,14,10.83,8.74
29,18,20,Random,27,bell,stool,tree,331.5,315,16,10.83,8.74
29,18,20,Random,24,traffic light,barrell,basketball,342,311,31,10.83,8.74
29,18,20,Random,6,tree ,trash can,bell,25,54,29,10.83,8.74
29,18,20,Random,15,wheel,stool,drum,333.5,330,4,10.83,8.74
29,18,20,Random,8,barrell,traffic light,bell,40,72,32,10.83,8.74
29,18,20,Random,9,barrell,trash can,tree,64.5,69,4,10.83,8.74
29,18,20,Random,14,barrell,tree,basketball,311.5,299,12,10.83,8.74
29,18,20,Random,18,wheel,tree,drum,310,293,17,10.83,8.74
29,18,20,Random,20,trash can,bell,tree,34,22,12,10.83,8.74
29,18,20,Random,26,drum,basketball,trash can,164,148,16,10.83,8.74
29,18,20,Random,12,barrell,bell,wheel,306,287,19,10.83,8.74
29,18,20,Random,4,drum,traffic light,stool,193,206,13,10.83,8.74
29,18,20,Random,7,drum,trash can,tree,146.5,138,8,10.83,8.74
29,18,20,Random,32,stool,wheel,barrell,312.5,315,2,10.83,8.74
29,18,20,Random,22,drum,tree,barrell,55,66,11,10.83,8.74
29,18,20,Random,3,basketball,wheel,trash can,68.5,79,10,10.83,8.74
15,18,20,Random,23,trash can,tree,wheel,50,93,43,18.91,26.94
15,18,20,Random,32,stool,wheel,barrell,312.5,315,2,18.91,26.94
15,18,20,Random,8,barrell,traffic light,bell,40,63,23,18.91,26.94
15,18,20,Random,3,basketball,wheel,trash can,68.5,101,32,18.91,26.94
15,18,20,Random,10,wheel,traffic light,barrell,144,292,148,18.91,26.94
15,18,20,Random,21,drum,stool,trash can,220,246,26,18.91,26.94
15,18,20,Random,25,trash can,barrell,wheel,18,23,5,18.91,26.94
15,18,20,Random,1,bell,traffic light,drum,336.5,346,10,18.91,26.94
15,18,20,Random,20,trash can,bell,tree,34,35,1,18.91,26.94
15,18,20,Random,22,drum,tree,barrell,55,87,32,18.91,26.94
15,18,20,Random,28,stool,barrell,traffic light,89.5,97,8,18.91,26.94
15,18,20,Random,6,tree ,trash can,bell,25,16,9,18.91,26.94
15,18,20,Random,13,basketball,bell,tree,67.5,56,12,18.91,26.94
15,18,20,Random,12,barrell,bell,wheel,306,257,49,18.91,26.94
15,18,20,Random,5,stool,drum,wheel,311,335,24,18.91,26.94
15,18,20,Random,9,barrell,trash can,tree,64.5,66,2,18.91,26.94
15,18,20,Random,14,barrell,tree,basketball,311.5,331,20,18.91,26.94
15,18,20,Random,11,barrell,basketball,stool,13.5,10,4,18.91,26.94
15,18,20,Random,26,drum,basketball,trash can,164,146,18,18.91,26.94
15,18,20,Random,4,drum,traffic light,stool,193,205,12,18.91,26.94
15,18,20,Random,29,stool,basketball,trash can,106,73,33,18.91,26.94
15,18,20,Random,2,tree,basketball,wheel,2.5,2,1,18.91,26.94
15,18,20,Random,27,bell,stool,tree,331.5,332,1,18.91,26.94
15,18,20,Random,31,tree ,barrell,basketball,35,20,15,18.91,26.94
15,18,20,Random,18,wheel,tree,drum,310,334,24,18.91,26.94
15,18,20,Random,30,drum,wheel,bell,185,184,1,18.91,26.94
15,18,20,Random,24,traffic light,barrell,basketball,342,340,2,18.91,26.94
15,18,20,Random,17,basketball,tree,wheel,184,175,9,18.91,26.94
15,18,20,Random,16,drum,bell,wheel,173.5,181,8,18.91,26.94
15,18,20,Random,19,traffic light,drum,barrell,54.5,30,24,18.91,26.94
15,18,20,Random,7,drum,trash can,tree,146.5,152,6,18.91,26.94
15,18,20,Random,15,wheel,stool,drum,333.5,333,1,18.91,26.94
39,19,20,Random,25,trash can,barrell,wheel,18,23,5,14.75,14.37
39,19,20,Random,9,barrell,trash can,tree,64.5,65,1,14.75,14.37
39,19,20,Random,5,stool,drum,wheel,311,339,28,14.75,14.37
39,19,20,Random,23,trash can,tree,wheel,50,65,15,14.75,14.37
39,19,20,Random,6,tree ,trash can,bell,25,65,40,14.75,14.37
39,19,20,Random,15,wheel,stool,drum,333.5,334,1,14.75,14.37
39,19,20,Random,18,wheel,tree,drum,310,337,27,14.75,14.37
39,19,20,Random,3,basketball,wheel,trash can,68.5,102,34,14.75,14.37
39,19,20,Random,14,barrell,tree,basketball,311.5,329,18,14.75,14.37
39,19,20,Random,28,stool,barrell,traffic light,89.5,90,1,14.75,14.37
39,19,20,Random,27,bell,stool,tree,331.5,331,1,14.75,14.37
39,19,20,Random,1,bell,traffic light,drum,336.5,342,6,14.75,14.37
39,19,20,Random,13,basketball,bell,tree,67.5,43,24,14.75,14.37
39,19,20,Random,17,basketball,tree,wheel,184,182,2,14.75,14.37
39,19,20,Random,19,traffic light,drum,barrell,54.5,23,32,14.75,14.37
39,19,20,Random,26,drum,basketball,trash can,164,169,5,14.75,14.37
39,19,20,Random,30,drum,wheel,bell,185,197,12,14.75,14.37
39,19,20,Random,31,tree ,barrell,basketball,35,29,6,14.75,14.37
39,19,20,Random,21,drum,stool,trash can,220,176,44,14.75,14.37
39,19,20,Random,24,traffic light,barrell,basketball,342,339,3,14.75,14.37
39,19,20,Random,8,barrell,traffic light,bell,40,51,11,14.75,14.37
39,19,20,Random,20,trash can,bell,tree,34,26,8,14.75,14.37
39,19,20,Random,10,wheel,traffic light,barrell,144,166,22,14.75,14.37
39,19,20,Random,12,barrell,bell,wheel,306,327,21,14.75,14.37
39,19,20,Random,4,drum,traffic light,stool,193,51,142,14.75,14.37
39,19,20,Random,7,drum,trash can,tree,146.5,159,12,14.75,14.37
39,19,20,Random,11,barrell,basketball,stool,13.5,13,1,14.75,14.37
39,19,20,Random,22,drum,tree,barrell,55,79,24,14.75,14.37
39,19,20,Random,2,tree,basketball,wheel,2.5,7,4,14.75,14.37
39,19,20,Random,32,stool,wheel,barrell,312.5,329,16,14.75,14.37
39,19,20,Random,16,drum,bell,wheel,173.5,321,148,14.75,14.37
39,19,20,Random,29,stool,basketball,trash can,106,104,2,14.75,14.37
11,18,20,Random,1,bell,traffic light,drum,336.5,332,4,31.62,40.20
11,18,20,Random,21,drum,stool,trash can,220,134,86,31.62,40.20
11,18,20,Random,5,stool,drum,wheel,311,311,0,31.62,40.20
11,18,20,Random,31,tree ,barrell,basketball,35,36,1,31.62,40.20
11,18,20,Random,32,stool,wheel,barrell,312.5,33,80,31.62,40.20
11,18,20,Random,30,drum,wheel,bell,185,180,5,31.62,40.20
11,18,20,Random,9,barrell,trash can,tree,64.5,112,48,31.62,40.20
11,18,20,Random,3,basketball,wheel,trash can,68.5,113,44,31.62,40.20
11,18,20,Random,10,wheel,traffic light,barrell,144,181,37,31.62,40.20
11,18,20,Random,24,traffic light,barrell,basketball,342,347,5,31.62,40.20
11,18,20,Random,12,barrell,bell,wheel,306,338,32,31.62,40.20
11,18,20,Random,14,barrell,tree,basketball,311.5,349,38,31.62,40.20
11,18,20,Random,26,drum,basketball,trash can,164,169,5,31.62,40.20
11,18,20,Random,22,drum,tree,barrell,55,138,83,31.62,40.20
11,18,20,Random,18,wheel,tree,drum,310,324,14,31.62,40.20
11,18,20,Random,11,barrell,basketball,stool,13.5,5,8,31.62,40.20
11,18,20,Random,23,trash can,tree,wheel,50,195,145,31.62,40.20
11,18,20,Random,8,barrell,traffic light,bell,40,114,74,31.62,40.20
11,18,20,Random,19,traffic light,drum,barrell,54.5,89,34,31.62,40.20
11,18,20,Random,13,basketball,bell,tree,67.5,221,154,31.62,40.20
11,18,20,Random,17,basketball,tree,wheel,184,180,4,31.62,40.20
11,18,20,Random,29,stool,basketball,trash can,106,84,22,31.62,40.20
11,18,20,Random,15,wheel,stool,drum,333.5,335,2,31.62,40.20
11,18,20,Random,20,trash can,bell,tree,34,42,8,31.62,40.20
11,18,20,Random,27,bell,stool,tree,331.5,342,10,31.62,40.20
11,18,20,Random,4,drum,traffic light,stool,193,179,14,31.62,40.20
11,18,20,Random,16,drum,bell,wheel,173.5,180,6,31.62,40.20
11,18,20,Random,7,drum,trash can,tree,146.5,143,4,31.62,40.20
11,18,20,Random,2,tree,basketball,wheel,2.5,0,2,31.62,40.20
11,18,20,Random,6,tree ,trash can,bell,25,9,16,31.62,40.20
11,18,20,Random,28,stool,barrell,traffic light,89.5,69,20,31.62,40.20
11,18,20,Random,25,trash can,barrell,wheel,18,25,7,31.62,40.20
10,18,20,Random,29,stool,basketball,trash can,106,97,9,9.66,9.70
10,18,20,Random,20,trash can,bell,tree,34,19,15,9.66,9.70
10,18,20,Random,31,tree ,barrell,basketball,35,41,6,9.66,9.70
10,18,20,Random,6,tree ,trash can,bell,25,34,9,9.66,9.70
10,18,20,Random,15,wheel,stool,drum,333.5,26,52,9.66,9.70
10,18,20,Random,23,trash can,tree,wheel,50,61,11,9.66,9.70
10,18,20,Random,28,stool,barrell,traffic light,89.5,87,2,9.66,9.70
10,18,20,Random,2,tree,basketball,wheel,2.5,359,4,9.66,9.70
10,18,20,Random,24,traffic light,barrell,basketball,342,345,3,9.66,9.70
10,18,20,Random,25,trash can,barrell,wheel,18,20,2,9.66,9.70
10,18,20,Random,13,basketball,bell,tree,67.5,81,14,9.66,9.70
10,18,20,Random,32,stool,wheel,barrell,312.5,317,4,9.66,9.70
10,18,20,Random,14,barrell,tree,basketball,311.5,323,12,9.66,9.70
10,18,20,Random,19,traffic light,drum,barrell,54.5,42,12,9.66,9.70
10,18,20,Random,26,drum,basketball,trash can,164,160,4,9.66,9.70
10,18,20,Random,1,bell,traffic light,drum,336.5,341,4,9.66,9.70
10,18,20,Random,10,wheel,traffic light,barrell,144,147,3,9.66,9.70
10,18,20,Random,21,drum,stool,trash can,220,209,11,9.66,9.70
10,18,20,Random,3,basketball,wheel,trash can,68.5,65,4,9.66,9.70
10,18,20,Random,9,barrell,trash can,tree,64.5,66,2,9.66,9.70
10,18,20,Random,8,barrell,traffic light,bell,40,54,14,9.66,9.70
10,18,20,Random,5,stool,drum,wheel,311,331,20,9.66,9.70
10,18,20,Random,4,drum,traffic light,stool,193,195,2,9.66,9.70
10,18,20,Random,12,barrell,bell,wheel,306,317,11,9.66,9.70
10,18,20,Random,16,drum,bell,wheel,173.5,181,8,9.66,9.70
10,18,20,Random,11,barrell,basketball,stool,13.5,13,1,9.66,9.70
10,18,20,Random,22,drum,tree,barrell,55,75,20,9.66,9.70
10,18,20,Random,27,bell,stool,tree,331.5,327,4,9.66,9.70
10,18,20,Random,18,wheel,tree,drum,310,329,19,9.66,9.70
10,18,20,Random,7,drum,trash can,tree,146.5,149,2,9.66,9.70
10,18,20,Random,17,basketball,tree,wheel,184,166,18,9.66,9.70
10,18,20,Random,30,drum,wheel,bell,185,192,7,9.66,9.70
38,18,20,Random,32,stool,wheel,barrell,312.5,303,10,10.83,7.69
38,18,20,Random,23,trash can,tree,wheel,50,64,14,10.83,7.69
38,18,20,Random,16,drum,bell,wheel,173.5,166,8,10.83,7.69
38,18,20,Random,10,wheel,traffic light,barrell,144,123,21,10.83,7.69
38,18,20,Random,2,tree,basketball,wheel,2.5,9,6,10.83,7.69
38,18,20,Random,3,basketball,wheel,trash can,68.5,50,18,10.83,7.69
38,18,20,Random,1,bell,traffic light,drum,336.5,334,2,10.83,7.69
38,18,20,Random,6,tree ,trash can,bell,25,19,6,10.83,7.69
38,18,20,Random,30,drum,wheel,bell,185,180,5,10.83,7.69
38,18,20,Random,14,barrell,tree,basketball,311.5,296,16,10.83,7.69
38,18,20,Random,21,drum,stool,trash can,220,244,24,10.83,7.69
38,18,20,Random,5,stool,drum,wheel,311,311,0,10.83,7.69
38,18,20,Random,17,basketball,tree,wheel,184,210,26,10.83,7.69
38,18,20,Random,26,drum,basketball,trash can,164,164,0,10.83,7.69
38,18,20,Random,22,drum,tree,barrell,55,77,22,10.83,7.69
38,18,20,Random,9,barrell,trash can,tree,64.5,85,20,10.83,7.69
38,18,20,Random,12,barrell,bell,wheel,306,287,19,10.83,7.69
38,18,20,Random,20,trash can,bell,tree,34,32,2,10.83,7.69
38,18,20,Random,18,wheel,tree,drum,310,336,26,10.83,7.69
38,18,20,Random,19,traffic light,drum,barrell,54.5,39,16,10.83,7.69
38,18,20,Random,29,stool,basketball,trash can,106,139,33,10.83,7.69
38,18,20,Random,25,trash can,barrell,wheel,18,27,9,10.83,7.69
38,18,20,Random,7,drum,trash can,tree,146.5,139,8,10.83,7.69
38,18,20,Random,24,traffic light,barrell,basketball,342,331,11,10.83,7.69
38,18,20,Random,8,barrell,traffic light,bell,40,45,5,10.83,7.69
38,18,20,Random,28,stool,barrell,traffic light,89.5,89,1,10.83,7.69
38,18,20,Random,27,bell,stool,tree,331.5,304,28,10.83,7.69
38,18,20,Random,4,drum,traffic light,stool,193,204,11,10.83,7.69
38,18,20,Random,15,wheel,stool,drum,333.5,330,4,10.83,7.69
38,18,20,Random,13,basketball,bell,tree,67.5,65,2,10.83,7.69
38,18,20,Random,11,barrell,basketball,stool,13.5,29,16,10.83,7.69
38,18,20,Random,31,tree ,barrell,basketball,35,54,19,10.83,7.69
12,19,20,Random,12,barrell,bell,wheel,306,309,3,13.97,13.47
12,19,20,Random,13,basketball,bell,tree,67.5,43,24,13.97,13.47
12,19,20,Random,32,stool,wheel,barrell,312.5,314,2,13.97,13.47
12,19,20,Random,30,drum,wheel,bell,185,162,23,13.97,13.47
12,19,20,Random,20,trash can,bell,tree,34,24,10,13.97,13.47
12,19,20,Random,3,basketball,wheel,trash can,68.5,91,22,13.97,13.47
12,19,20,Random,28,stool,barrell,traffic light,89.5,73,16,13.97,13.47
12,19,20,Random,15,wheel,stool,drum,333.5,337,4,13.97,13.47
12,19,20,Random,7,drum,trash can,tree,146.5,143,4,13.97,13.47
12,19,20,Random,24,traffic light,barrell,basketball,342,320,22,13.97,13.47
12,19,20,Random,8,barrell,traffic light,bell,40,76,36,13.97,13.47
12,19,20,Random,21,drum,stool,trash can,220,270,50,13.97,13.47
12,19,20,Random,18,wheel,tree,drum,310,317,7,13.97,13.47
12,19,20,Random,1,bell,traffic light,drum,336.5,340,4,13.97,13.47
12,19,20,Random,11,barrell,basketball,stool,13.5,18,4,13.97,13.47
12,19,20,Random,14,barrell,tree,basketball,311.5,324,12,13.97,13.47
12,19,20,Random,17,basketball,tree,wheel,184,188,4,13.97,13.47
12,19,20,Random,23,trash can,tree,wheel,50,78,28,13.97,13.47
12,19,20,Random,4,drum,traffic light,stool,193,186,7,13.97,13.47
12,19,20,Random,2,tree,basketball,wheel,2.5,6,4,13.97,13.47
12,19,20,Random,31,tree ,barrell,basketball,35,43,8,13.97,13.47
12,19,20,Random,10,wheel,traffic light,barrell,144,164,20,13.97,13.47
12,19,20,Random,5,stool,drum,wheel,311,269,42,13.97,13.47
12,19,20,Random,22,drum,tree,barrell,55,66,11,13.97,13.47
12,19,20,Random,9,barrell,trash can,tree,64.5,67,2,13.97,13.47
12,19,20,Random,27,bell,stool,tree,331.5,329,2,13.97,13.47
12,19,20,Random,29,stool,basketball,trash can,106,114,8,13.97,13.47
12,19,20,Random,26,drum,basketball,trash can,164,159,5,13.97,13.47
12,19,20,Random,25,trash can,barrell,wheel,18,24,6,13.97,13.47
12,19,20,Random,19,traffic light,drum,barrell,54.5,99,44,13.97,13.47
12,19,20,Random,16,drum,bell,wheel,173.5,181,8,13.97,13.47
12,19,20,Random,6,tree ,trash can,bell,25,20,5,13.97,13.47
13,19,20,Random,12,barrell,bell,wheel,306,296,10,9.17,7.67
13,19,20,Random,6,tree ,trash can,bell,25,28,3,9.17,7.67
13,19,20,Random,24,traffic light,barrell,basketball,342,336,6,9.17,7.67
13,19,20,Random,28,stool,barrell,traffic light,89.5,73,16,9.17,7.67
13,19,20,Random,29,stool,basketball,trash can,106,121,15,9.17,7.67
13,19,20,Random,11,barrell,basketball,stool,13.5,20,6,9.17,7.67
13,19,20,Random,32,stool,wheel,barrell,312.5,315,2,9.17,7.67
13,19,20,Random,10,wheel,traffic light,barrell,144,138,6,9.17,7.67
13,19,20,Random,16,drum,bell,wheel,173.5,186,12,9.17,7.67
13,19,20,Random,20,trash can,bell,tree,34,33,1,9.17,7.67
13,19,20,Random,4,drum,traffic light,stool,193,188,5,9.17,7.67
13,19,20,Random,5,stool,drum,wheel,311,339,28,9.17,7.67
13,19,20,Random,2,tree,basketball,wheel,2.5,8,6,9.17,7.67
13,19,20,Random,9,barrell,trash can,tree,64.5,74,10,9.17,7.67
13,19,20,Random,1,bell,traffic light,drum,336.5,341,4,9.17,7.67
13,19,20,Random,25,trash can,barrell,wheel,18,22,4,9.17,7.67
13,19,20,Random,26,drum,basketball,trash can,164,151,13,9.17,7.67
13,19,20,Random,13,basketball,bell,tree,67.5,70,2,9.17,7.67
13,19,20,Random,30,drum,wheel,bell,185,186,1,9.17,7.67
13,19,20,Random,7,drum,trash can,tree,146.5,141,6,9.17,7.67
13,19,20,Random,23,trash can,tree,wheel,50,79,29,9.17,7.67
13,19,20,Random,8,barrell,traffic light,bell,40,75,35,9.17,7.67
13,19,20,Random,22,drum,tree,barrell,55,77,22,9.17,7.67
13,19,20,Random,14,barrell,tree,basketball,311.5,320,8,9.17,7.67
13,19,20,Random,19,traffic light,drum,barrell,54.5,67,12,9.17,7.67
13,19,20,Random,15,wheel,stool,drum,333.5,339,6,9.17,7.67
13,19,20,Random,31,tree ,barrell,basketball,35,34,1,9.17,7.67
13,19,20,Random,3,basketball,wheel,trash can,68.5,74,6,9.17,7.67
13,19,20,Random,17,basketball,tree,wheel,184,82,102,9.17,7.67
13,19,20,Random,27,bell,stool,tree,331.5,326,6,9.17,7.67
13,19,20,Random,21,drum,stool,trash can,220,215,5,9.17,7.67
13,19,20,Random,18,wheel,tree,drum,310,321,11,9.17,7.67
36,19,20,Random,23,trash can,tree,wheel,50,33,17,6.75,6.24
36,19,20,Random,7,drum,trash can,tree,146.5,150,4,6.75,6.24
36,19,20,Random,4,drum,traffic light,stool,193,190,3,6.75,6.24
36,19,20,Random,25,trash can,barrell,wheel,18,16,2,6.75,6.24
36,19,20,Random,30,drum,wheel,bell,185,181,4,6.75,6.24
36,19,20,Random,14,barrell,tree,basketball,311.5,328,16,6.75,6.24
36,19,20,Random,12,barrell,bell,wheel,306,317,11,6.75,6.24
36,19,20,Random,9,barrell,trash can,tree,64.5,64,1,6.75,6.24
36,19,20,Random,29,stool,basketball,trash can,106,123,17,6.75,6.24
36,19,20,Random,16,drum,bell,wheel,173.5,179,6,6.75,6.24
36,19,20,Random,31,tree ,barrell,basketball,35,27,8,6.75,6.24
36,19,20,Random,10,wheel,traffic light,barrell,144,144,0,6.75,6.24
36,19,20,Random,8,barrell,traffic light,bell,40,45,5,6.75,6.24
36,19,20,Random,11,barrell,basketball,stool,13.5,13,1,6.75,6.24
36,19,20,Random,3,basketball,wheel,trash can,68.5,75,6,6.75,6.24
36,19,20,Random,28,stool,barrell,traffic light,89.5,90,1,6.75,6.24
36,19,20,Random,20,trash can,bell,tree,34,23,11,6.75,6.24
36,19,20,Random,24,traffic light,barrell,basketball,342,342,0,6.75,6.24
36,19,20,Random,6,tree ,trash can,bell,25,36,11,6.75,6.24
36,19,20,Random,22,drum,tree,barrell,55,68,13,6.75,6.24
36,19,20,Random,32,stool,wheel,barrell,312.5,313,1,6.75,6.24
36,19,20,Random,27,bell,stool,tree,331.5,330,2,6.75,6.24
36,19,20,Random,19,traffic light,drum,barrell,54.5,59,4,6.75,6.24
36,19,20,Random,17,basketball,tree,wheel,184,181,3,6.75,6.24
36,19,20,Random,13,basketball,bell,tree,67.5,79,12,6.75,6.24
36,19,20,Random,18,wheel,tree,drum,310,324,14,6.75,6.24
36,19,20,Random,21,drum,stool,trash can,220,221,1,6.75,6.24
36,19,20,Random,2,tree,basketball,wheel,2.5,1,2,6.75,6.24
36,19,20,Random,26,drum,basketball,trash can,164,167,3,6.75,6.24
36,19,20,Random,1,bell,traffic light,drum,336.5,344,8,6.75,6.24
36,19,20,Random,15,wheel,stool,drum,333.5,338,4,6.75,6.24
36,19,20,Random,5,stool,drum,wheel,311,336,25,6.75,6.24
22,18,20,Random,9,barrell,trash can,tree,64.5,107,42,37.97,46.41
22,18,20,Random,20,trash can,bell,tree,34,52,18,37.97,46.41
22,18,20,Random,17,basketball,tree,wheel,184,196,12,37.97,46.41
22,18,20,Random,8,barrell,traffic light,bell,40,143,103,37.97,46.41
22,18,20,Random,22,drum,tree,barrell,55,245,170,37.97,46.41
22,18,20,Random,21,drum,stool,trash can,220,250,30,37.97,46.41
22,18,20,Random,6,tree ,trash can,bell,25,106,81,37.97,46.41
22,18,20,Random,14,barrell,tree,basketball,311.5,58,106,37.97,46.41
22,18,20,Random,28,stool,barrell,traffic light,89.5,67,22,37.97,46.41
22,18,20,Random,27,bell,stool,tree,331.5,298,34,37.97,46.41
22,18,20,Random,1,bell,traffic light,drum,336.5,339,2,37.97,46.41
22,18,20,Random,31,tree ,barrell,basketball,35,340,55,37.97,46.41
22,18,20,Random,23,trash can,tree,wheel,50,71,21,37.97,46.41
22,18,20,Random,7,drum,trash can,tree,146.5,138,8,37.97,46.41
22,18,20,Random,18,wheel,tree,drum,310,331,21,37.97,46.41
22,18,20,Random,19,traffic light,drum,barrell,54.5,311,104,37.97,46.41
22,18,20,Random,24,traffic light,barrell,basketball,342,344,2,37.97,46.41
22,18,20,Random,13,basketball,bell,tree,67.5,61,6,37.97,46.41
22,18,20,Random,11,barrell,basketball,stool,13.5,10,4,37.97,46.41
22,18,20,Random,25,trash can,barrell,wheel,18,24,6,37.97,46.41
22,18,20,Random,4,drum,traffic light,stool,193,201,8,37.97,46.41
22,18,20,Random,30,drum,wheel,bell,185,166,19,37.97,46.41
22,18,20,Random,15,wheel,stool,drum,333.5,342,8,37.97,46.41
22,18,20,Random,29,stool,basketball,trash can,106,98,8,37.97,46.41
22,18,20,Random,16,drum,bell,wheel,173.5,169,4,37.97,46.41
22,18,20,Random,2,tree,basketball,wheel,2.5,5,2,37.97,46.41
22,18,20,Random,26,drum,basketball,trash can,164,98,66,37.97,46.41
22,18,20,Random,32,stool,wheel,barrell,312.5,288,24,37.97,46.41
22,18,20,Random,10,wheel,traffic light,barrell,144,333,171,37.97,46.41
22,18,20,Random,5,stool,drum,wheel,311,333,22,37.97,46.41
22,18,20,Random,3,basketball,wheel,trash can,68.5,56,12,37.97,46.41
22,18,20,Random,12,barrell,bell,wheel,306,282,24,37.97,46.41
23,18,20,Random,9,barrell,trash can,tree,64.5,35,30,13.22,11.11
23,18,20,Random,30,drum,wheel,bell,185,177,8,13.22,11.11
23,18,20,Random,7,drum,trash can,tree,146.5,142,4,13.22,11.11
23,18,20,Random,24,traffic light,barrell,basketball,342,324,18,13.22,11.11
23,18,20,Random,2,tree,basketball,wheel,2.5,0,2,13.22,11.11
23,18,20,Random,20,trash can,bell,tree,34,18,16,13.22,11.11
23,18,20,Random,21,drum,stool,trash can,220,226,6,13.22,11.11
23,18,20,Random,13,basketball,bell,tree,67.5,33,34,13.22,11.11
23,18,20,Random,14,barrell,tree,basketball,311.5,329,18,13.22,11.11
23,18,20,Random,31,tree ,barrell,basketball,35,36,1,13.22,11.11
23,18,20,Random,5,stool,drum,wheel,311,326,15,13.22,11.11
23,18,20,Random,17,basketball,tree,wheel,184,181,3,13.22,11.11
23,18,20,Random,16,drum,bell,wheel,173.5,167,6,13.22,11.11
23,18,20,Random,18,wheel,tree,drum,310,305,5,13.22,11.11
23,18,20,Random,11,barrell,basketball,stool,13.5,19,6,13.22,11.11
23,18,20,Random,10,wheel,traffic light,barrell,144,139,5,13.22,11.11
23,18,20,Random,26,drum,basketball,trash can,164,152,12,13.22,11.11
23,18,20,Random,27,bell,stool,tree,331.5,297,34,13.22,11.11
23,18,20,Random,23,trash can,tree,wheel,50,80,30,13.22,11.11
23,18,20,Random,6,tree ,trash can,bell,25,51,26,13.22,11.11
23,18,20,Random,12,barrell,bell,wheel,306,308,2,13.22,11.11
23,18,20,Random,1,bell,traffic light,drum,336.5,337,1,13.22,11.11
23,18,20,Random,22,drum,tree,barrell,55,48,7,13.22,11.11
23,18,20,Random,25,trash can,barrell,wheel,18,23,5,13.22,11.11
23,18,20,Random,29,stool,basketball,trash can,106,83,23,13.22,11.11
23,18,20,Random,28,stool,barrell,traffic light,89.5,74,16,13.22,11.11
23,18,20,Random,3,basketball,wheel,trash can,68.5,72,4,13.22,11.11
23,18,20,Random,15,wheel,stool,drum,333.5,339,6,13.22,11.11
23,18,20,Random,8,barrell,traffic light,bell,40,63,23,13.22,11.11
23,18,20,Random,4,drum,traffic light,stool,193,212,19,13.22,11.11
23,18,20,Random,19,traffic light,drum,barrell,54.5,90,36,13.22,11.11
23,18,20,Random,32,stool,wheel,barrell,312.5,314,2,13.22,11.11
37,18,20,Random,11,barrell,basketball,stool,13.5,334,40,27.58,41.10
37,18,20,Random,30,drum,wheel,bell,185,184,1,27.58,41.10
37,18,20,Random,23,trash can,tree,wheel,50,63,13,27.58,41.10
37,18,20,Random,31,tree ,barrell,basketball,35,324,71,27.58,41.10
37,18,20,Random,21,drum,stool,trash can,220,233,13,27.58,41.10
37,18,20,Random,2,tree,basketball,wheel,2.5,4,2,27.58,41.10
37,18,20,Random,19,traffic light,drum,barrell,54.5,273,142,27.58,41.10
37,18,20,Random,18,wheel,tree,drum,310,325,15,27.58,41.10
37,18,20,Random,5,stool,drum,wheel,311,319,8,27.58,41.10
37,18,20,Random,4,drum,traffic light,stool,193,201,8,27.58,41.10
37,18,20,Random,16,drum,bell,wheel,173.5,169,4,27.58,41.10
37,18,20,Random,24,traffic light,barrell,basketball,342,328,14,27.58,41.10
37,18,20,Random,22,drum,tree,barrell,55,70,15,27.58,41.10
37,18,20,Random,17,basketball,tree,wheel,184,181,3,27.58,41.10
37,18,20,Random,1,bell,traffic light,drum,336.5,336,1,27.58,41.10
37,18,20,Random,12,barrell,bell,wheel,306,300,6,27.58,41.10
37,18,20,Random,8,barrell,traffic light,bell,40,46,6,27.58,41.10
37,18,20,Random,32,stool,wheel,barrell,312.5,305,8,27.58,41.10
37,18,20,Random,29,stool,basketball,trash can,106,112,6,27.58,41.10
37,18,20,Random,9,barrell,trash can,tree,64.5,79,14,27.58,41.10
37,18,20,Random,14,barrell,tree,basketball,311.5,288,24,27.58,41.10
37,18,20,Random,28,stool,barrell,traffic light,89.5,90,1,27.58,41.10
37,18,20,Random,26,drum,basketball,trash can,164,166,2,27.58,41.10
37,18,20,Random,10,wheel,traffic light,barrell,144,140,4,27.58,41.10
37,18,20,Random,6,tree ,trash can,bell,25,24,1,27.58,41.10
37,18,20,Random,15,wheel,stool,drum,333.5,331,2,27.58,41.10
37,18,20,Random,3,basketball,wheel,trash can,68.5,39,30,27.58,41.10
37,18,20,Random,7,drum,trash can,tree,146.5,150,4,27.58,41.10
37,18,20,Random,20,trash can,bell,tree,34,28,6,27.58,41.10
37,18,20,Random,27,bell,stool,tree,331.5,319,12,27.58,41.10
37,18,20,Random,13,basketball,bell,tree,67.5,74,6,27.58,41.10
37,18,20,Random,25,trash can,barrell,wheel,18,20,2,27.58,41.10
21,18,20,Random,14,barrell,tree,basketball,311.5,342,30,7.31,6.10
21,18,20,Random,17,basketball,tree,wheel,184,180,4,7.31,6.10
21,18,20,Random,20,trash can,bell,tree,34,48,14,7.31,6.10
21,18,20,Random,10,wheel,traffic light,barrell,144,141,3,7.31,6.10
21,18,20,Random,3,basketball,wheel,trash can,68.5,55,14,7.31,6.10
21,18,20,Random,4,drum,traffic light,stool,193,201,8,7.31,6.10
21,18,20,Random,18,wheel,tree,drum,310,312,2,7.31,6.10
21,18,20,Random,30,drum,wheel,bell,185,193,8,7.31,6.10
21,18,20,Random,24,traffic light,barrell,basketball,342,332,10,7.31,6.10
21,18,20,Random,25,trash can,barrell,wheel,18,20,2,7.31,6.10
21,18,20,Random,12,barrell,bell,wheel,306,316,10,7.31,6.10
21,18,20,Random,22,drum,tree,barrell,55,58,3,7.31,6.10
21,18,20,Random,15,wheel,stool,drum,333.5,332,2,7.31,6.10
21,18,20,Random,11,barrell,basketball,stool,13.5,15,2,7.31,6.10
21,18,20,Random,7,drum,trash can,tree,146.5,136,10,7.31,6.10
21,18,20,Random,1,bell,traffic light,drum,336.5,335,2,7.31,6.10
21,18,20,Random,28,stool,barrell,traffic light,89.5,89,1,7.31,6.10
21,18,20,Random,13,basketball,bell,tree,67.5,82,14,7.31,6.10
21,18,20,Random,5,stool,drum,wheel,311,308,3,7.31,6.10
21,18,20,Random,23,trash can,tree,wheel,50,54,4,7.31,6.10
21,18,20,Random,32,stool,wheel,barrell,312.5,322,10,7.31,6.10
21,18,20,Random,6,tree ,trash can,bell,25,24,1,7.31,6.10
21,18,20,Random,27,bell,stool,tree,331.5,327,4,7.31,6.10
21,18,20,Random,9,barrell,trash can,tree,64.5,76,12,7.31,6.10
21,18,20,Random,2,tree,basketball,wheel,2.5,8,6,7.31,6.10
21,18,20,Random,8,barrell,traffic light,bell,40,43,3,7.31,6.10
21,18,20,Random,26,drum,basketball,trash can,164,151,13,7.31,6.10
21,18,20,Random,29,stool,basketball,trash can,106,121,15,7.31,6.10
21,18,20,Random,16,drum,bell,wheel,173.5,165,8,7.31,6.10
21,18,20,Random,31,tree ,barrell,basketball,35,29,6,7.31,6.10
21,18,20,Random,21,drum,stool,trash can,220,222,2,7.31,6.10
21,18,20,Random,19,traffic light,drum,barrell,54.5,46,8,7.31,6.10
35,21,20,Random,24,traffic light,barrell,basketball,342,327,15,25.97,25.29
35,21,20,Random,6,tree ,trash can,bell,25,39,14,25.97,25.29
35,21,20,Random,3,basketball,wheel,trash can,68.5,53,16,25.97,25.29
35,21,20,Random,16,drum,bell,wheel,173.5,183,10,25.97,25.29
35,21,20,Random,26,drum,basketball,trash can,164,198,34,25.97,25.29
35,21,20,Random,5,stool,drum,wheel,311,277,34,25.97,25.29
35,21,20,Random,27,bell,stool,tree,331.5,311,20,25.97,25.29
35,21,20,Random,8,barrell,traffic light,bell,40,90,50,25.97,25.29
35,21,20,Random,25,trash can,barrell,wheel,18,63,45,25.97,25.29
35,21,20,Random,18,wheel,tree,drum,310,300,10,25.97,25.29
35,21,20,Random,13,basketball,bell,tree,67.5,87,20,25.97,25.29
35,21,20,Random,20,trash can,bell,tree,34,306,88,25.97,25.29
35,21,20,Random,10,wheel,traffic light,barrell,144,180,36,25.97,25.29
35,21,20,Random,17,basketball,tree,wheel,184,179,5,25.97,25.29
35,21,20,Random,1,bell,traffic light,drum,336.5,334,2,25.97,25.29
35,21,20,Random,12,barrell,bell,wheel,306,327,21,25.97,25.29
35,21,20,Random,15,wheel,stool,drum,333.5,34,60,25.97,25.29
35,21,20,Random,2,tree,basketball,wheel,2.5,0,2,25.97,25.29
35,21,20,Random,7,drum,trash can,tree,146.5,158,12,25.97,25.29
35,21,20,Random,31,tree ,barrell,basketball,35,44,9,25.97,25.29
35,21,20,Random,32,stool,wheel,barrell,312.5,301,12,25.97,25.29
35,21,20,Random,28,stool,barrell,traffic light,89.5,79,10,25.97,25.29
35,21,20,Random,19,traffic light,drum,barrell,54.5,100,46,25.97,25.29
35,21,20,Random,14,barrell,tree,basketball,311.5,316,4,25.97,25.29
35,21,20,Random,22,drum,tree,barrell,55,51,4,25.97,25.29
35,21,20,Random,23,trash can,tree,wheel,50,60,10,25.97,25.29
35,21,20,Random,11,barrell,basketball,stool,13.5,27,14,25.97,25.29
35,21,20,Random,21,drum,stool,trash can,220,122,98,25.97,25.29
35,21,20,Random,9,barrell,trash can,tree,64.5,143,78,25.97,25.29
35,21,20,Random,30,drum,wheel,bell,185,178,7,25.97,25.29
35,21,20,Random,29,stool,basketball,trash can,106,91,15,25.97,25.29
35,21,20,Random,4,drum,traffic light,stool,193,163,30,25.97,25.29
34,21,20,Random,10,wheel,traffic light,barrell,144,150,6,11.09,11.38
34,21,20,Random,14,barrell,tree,basketball,311.5,330,18,11.09,11.38
34,21,20,Random,27,bell,stool,tree,331.5,338,6,11.09,11.38
34,21,20,Random,16,drum,bell,wheel,173.5,170,4,11.09,11.38
34,21,20,Random,22,drum,tree,barrell,55,70,15,11.09,11.38
34,21,20,Random,21,drum,stool,trash can,220,210,10,11.09,11.38
34,21,20,Random,24,traffic light,barrell,basketball,342,345,3,11.09,11.38
34,21,20,Random,7,drum,trash can,tree,146.5,145,2,11.09,11.38
34,21,20,Random,19,traffic light,drum,barrell,54.5,32,22,11.09,11.38
34,21,20,Random,12,barrell,bell,wheel,306,307,1,11.09,11.38
34,21,20,Random,25,trash can,barrell,wheel,18,22,4,11.09,11.38
34,21,20,Random,23,trash can,tree,wheel,50,52,2,11.09,11.38
34,21,20,Random,3,basketball,wheel,trash can,68.5,74,6,11.09,11.38
34,21,20,Random,29,stool,basketball,trash can,106,127,21,11.09,11.38
34,21,20,Random,4,drum,traffic light,stool,193,196,3,11.09,11.38
34,21,20,Random,8,barrell,traffic light,bell,40,88,48,11.09,11.38
34,21,20,Random,6,tree ,trash can,bell,25,39,14,11.09,11.38
34,21,20,Random,18,wheel,tree,drum,310,339,29,11.09,11.38
34,21,20,Random,15,wheel,stool,drum,333.5,336,2,11.09,11.38
34,21,20,Random,20,trash can,bell,tree,34,13,21,11.09,11.38
34,21,20,Random,30,drum,wheel,bell,185,189,4,11.09,11.38
34,21,20,Random,11,barrell,basketball,stool,13.5,5,8,11.09,11.38
34,21,20,Random,9,barrell,trash can,tree,64.5,31,34,11.09,11.38
34,21,20,Random,17,basketball,tree,wheel,184,185,1,11.09,11.38
34,21,20,Random,26,drum,basketball,trash can,164,171,7,11.09,11.38
34,21,20,Random,32,stool,wheel,barrell,312.5,309,4,11.09,11.38
34,21,20,Random,2,tree,basketball,wheel,2.5,3,1,11.09,11.38
34,21,20,Random,1,bell,traffic light,drum,336.5,340,4,11.09,11.38
34,21,20,Random,5,stool,drum,wheel,311,338,27,11.09,11.38
34,21,20,Random,31,tree ,barrell,basketball,35,29,6,11.09,11.38
34,21,20,Random,28,stool,barrell,traffic light,89.5,85,4,11.09,11.38
34,21,20,Random,13,basketball,bell,tree,67.5,86,18,11.09,11.38
20,18,20,Random,8,barrell,traffic light,bell,40,35,5,18.44,33.42
20,18,20,Random,14,barrell,tree,basketball,311.5,330,18,18.44,33.42
20,18,20,Random,23,trash can,tree,wheel,50,34,16,18.44,33.42
20,18,20,Random,5,stool,drum,wheel,311,329,18,18.44,33.42
20,18,20,Random,7,drum,trash can,tree,146.5,151,4,18.44,33.42
20,18,20,Random,15,wheel,stool,drum,333.5,340,6,18.44,33.42
20,18,20,Random,20,trash can,bell,tree,34,21,13,18.44,33.42
20,18,20,Random,29,stool,basketball,trash can,106,90,16,18.44,33.42
20,18,20,Random,24,traffic light,barrell,basketball,342,343,1,18.44,33.42
20,18,20,Random,22,drum,tree,barrell,55,80,25,18.44,33.42
20,18,20,Random,26,drum,basketball,trash can,164,136,28,18.44,33.42
20,18,20,Random,13,basketball,bell,tree,67.5,77,10,18.44,33.42
20,18,20,Random,21,drum,stool,trash can,220,226,6,18.44,33.42
20,18,20,Random,10,wheel,traffic light,barrell,144,126,18,18.44,33.42
20,18,20,Random,12,barrell,bell,wheel,306,279,27,18.44,33.42
20,18,20,Random,17,basketball,tree,wheel,184,188,4,18.44,33.42
20,18,20,Random,27,bell,stool,tree,331.5,337,6,18.44,33.42
20,18,20,Random,19,traffic light,drum,barrell,54.5,60,6,18.44,33.42
20,18,20,Random,3,basketball,wheel,trash can,68.5,102,34,18.44,33.42
20,18,20,Random,11,barrell,basketball,stool,13.5,19,6,18.44,33.42
20,18,20,Random,28,stool,barrell,traffic light,89.5,83,6,18.44,33.42
20,18,20,Random,6,tree ,trash can,bell,25,38,13,18.44,33.42
20,18,20,Random,30,drum,wheel,bell,185,182,3,18.44,33.42
20,18,20,Random,2,tree,basketball,wheel,2.5,185,178,18.44,33.42
20,18,20,Random,16,drum,bell,wheel,173.5,175,2,18.44,33.42
20,18,20,Random,31,tree ,barrell,basketball,35,30,5,18.44,33.42
20,18,20,Random,25,trash can,barrell,wheel,18,22,4,18.44,33.42
20,18,20,Random,32,stool,wheel,barrell,312.5,309,4,18.44,33.42
20,18,20,Random,1,bell,traffic light,drum,336.5,334,2,18.44,33.42
20,18,20,Random,18,wheel,tree,drum,310,40,90,18.44,33.42
20,18,20,Random,9,barrell,trash can,tree,64.5,69,4,18.44,33.42
20,18,20,Random,4,drum,traffic light,stool,193,205,12,18.44,33.42
18,18,20,Random,14,barrell,tree,basketball,311.5,322,10,16.34,12.53
18,18,20,Random,15,wheel,stool,drum,333.5,343,10,16.34,12.53
18,18,20,Random,16,drum,bell,wheel,173.5,189,16,16.34,12.53
18,18,20,Random,4,drum,traffic light,stool,193,226,33,16.34,12.53
18,18,20,Random,23,trash can,tree,wheel,50,71,21,16.34,12.53
18,18,20,Random,29,stool,basketball,trash can,106,76,30,16.34,12.53
18,18,20,Random,24,traffic light,barrell,basketball,342,330,12,16.34,12.53
18,18,20,Random,13,basketball,bell,tree,67.5,91,24,16.34,12.53
18,18,20,Random,21,drum,stool,trash can,220,271,51,16.34,12.53
18,18,20,Random,5,stool,drum,wheel,311,333,22,16.34,12.53
18,18,20,Random,28,stool,barrell,traffic light,89.5,86,4,16.34,12.53
18,18,20,Random,7,drum,trash can,tree,146.5,145,2,16.34,12.53
18,18,20,Random,8,barrell,traffic light,bell,40,72,32,16.34,12.53
18,18,20,Random,9,barrell,trash can,tree,64.5,86,22,16.34,12.53
18,18,20,Random,1,bell,traffic light,drum,336.5,334,2,16.34,12.53
18,18,20,Random,22,drum,tree,barrell,55,75,20,16.34,12.53
18,18,20,Random,30,drum,wheel,bell,185,169,16,16.34,12.53
18,18,20,Random,11,barrell,basketball,stool,13.5,26,12,16.34,12.53
18,18,20,Random,10,wheel,traffic light,barrell,144,171,27,16.34,12.53
18,18,20,Random,31,tree ,barrell,basketball,35,34,1,16.34,12.53
18,18,20,Random,18,wheel,tree,drum,310,325,15,16.34,12.53
18,18,20,Random,3,basketball,wheel,trash can,68.5,87,18,16.34,12.53
18,18,20,Random,26,drum,basketball,trash can,164,177,13,16.34,12.53
18,18,20,Random,2,tree,basketball,wheel,2.5,3,1,16.34,12.53
18,18,20,Random,27,bell,stool,tree,331.5,336,4,16.34,12.53
18,18,20,Random,17,basketball,tree,wheel,184,185,1,16.34,12.53
18,18,20,Random,6,tree ,trash can,bell,25,31,6,16.34,12.53
18,18,20,Random,20,trash can,bell,tree,34,38,4,16.34,12.53
18,18,20,Random,32,stool,wheel,barrell,312.5,315,2,16.34,12.53
18,18,20,Random,19,traffic light,drum,barrell,54.5,91,36,16.34,12.53
18,18,20,Random,25,trash can,barrell,wheel,18,48,30,16.34,12.53
18,18,20,Random,12,barrell,bell,wheel,306,280,26,16.34,12.53
24,19,20,Random,16,drum,bell,wheel,173.5,271,98,28.06,36.08
24,19,20,Random,18,wheel,tree,drum,310,326,16,28.06,36.08
24,19,20,Random,4,drum,traffic light,stool,193,194,1,28.06,36.08
24,19,20,Random,14,barrell,tree,basketball,311.5,308,4,28.06,36.08
24,19,20,Random,8,barrell,traffic light,bell,40,53,13,28.06,36.08
24,19,20,Random,11,barrell,basketball,stool,13.5,18,4,28.06,36.08
24,19,20,Random,17,basketball,tree,wheel,184,170,14,28.06,36.08
24,19,20,Random,31,tree ,barrell,basketball,35,26,9,28.06,36.08
24,19,20,Random,3,basketball,wheel,trash can,68.5,92,24,28.06,36.08
24,19,20,Random,26,drum,basketball,trash can,164,189,25,28.06,36.08
24,19,20,Random,28,stool,barrell,traffic light,89.5,155,66,28.06,36.08
24,19,20,Random,29,stool,basketball,trash can,106,137,31,28.06,36.08
24,19,20,Random,5,stool,drum,wheel,311,332,21,28.06,36.08
24,19,20,Random,22,drum,tree,barrell,55,46,9,28.06,36.08
24,19,20,Random,9,barrell,trash can,tree,64.5,74,10,28.06,36.08
24,19,20,Random,13,basketball,bell,tree,67.5,143,76,28.06,36.08
24,19,20,Random,23,trash can,tree,wheel,50,83,33,28.06,36.08
24,19,20,Random,27,bell,stool,tree,331.5,333,2,28.06,36.08
24,19,20,Random,12,barrell,bell,wheel,306,243,63,28.06,36.08
24,19,20,Random,20,trash can,bell,tree,34,19,15,28.06,36.08
24,19,20,Random,32,stool,wheel,barrell,312.5,321,8,28.06,36.08
24,19,20,Random,21,drum,stool,trash can,220,180,40,28.06,36.08
24,19,20,Random,19,traffic light,drum,barrell,54.5,234,180,28.06,36.08
24,19,20,Random,6,tree ,trash can,bell,25,57,32,28.06,36.08
24,19,20,Random,24,traffic light,barrell,basketball,342,322,20,28.06,36.08
24,19,20,Random,10,wheel,traffic light,barrell,144,133,11,28.06,36.08
24,19,20,Random,7,drum,trash can,tree,146.5,155,8,28.06,36.08
24,19,20,Random,15,wheel,stool,drum,333.5,334,1,28.06,36.08
24,19,20,Random,25,trash can,barrell,wheel,18,40,22,28.06,36.08
24,19,20,Random,1,bell,traffic light,drum,336.5,319,18,28.06,36.08
24,19,20,Random,30,drum,wheel,bell,185,208,23,28.06,36.08
24,19,20,Random,2,tree,basketball,wheel,2.5,2,1,28.06,36.08
30,18,20,Random,11,barrell,basketball,stool,13.5,12,2,6.00,5.08
30,18,20,Random,3,basketball,wheel,trash can,68.5,64,4,6.00,5.08
30,18,20,Random,15,wheel,stool,drum,333.5,340,6,6.00,5.08
30,18,20,Random,9,barrell,trash can,tree,64.5,72,8,6.00,5.08
30,18,20,Random,17,basketball,tree,wheel,184,180,4,6.00,5.08
30,18,20,Random,21,drum,stool,trash can,220,220,0,6.00,5.08
30,18,20,Random,28,stool,barrell,traffic light,89.5,89,1,6.00,5.08
30,18,20,Random,24,traffic light,barrell,basketball,342,345,3,6.00,5.08
30,18,20,Random,5,stool,drum,wheel,311,335,24,6.00,5.08
30,18,20,Random,18,wheel,tree,drum,310,309,1,6.00,5.08
30,18,20,Random,23,trash can,tree,wheel,50,61,11,6.00,5.08
30,18,20,Random,14,barrell,tree,basketball,311.5,318,6,6.00,5.08
30,18,20,Random,31,tree ,barrell,basketball,35,31,4,6.00,5.08
30,18,20,Random,25,trash can,barrell,wheel,18,21,3,6.00,5.08
30,18,20,Random,6,tree ,trash can,bell,25,36,11,6.00,5.08
30,18,20,Random,22,drum,tree,barrell,55,66,11,6.00,5.08
30,18,20,Random,8,barrell,traffic light,bell,40,51,11,6.00,5.08
30,18,20,Random,4,drum,traffic light,stool,193,186,7,6.00,5.08
30,18,20,Random,30,drum,wheel,bell,185,187,2,6.00,5.08
30,18,20,Random,27,bell,stool,tree,331.5,336,4,6.00,5.08
30,18,20,Random,7,drum,trash can,tree,146.5,151,4,6.00,5.08
30,18,20,Random,2,tree,basketball,wheel,2.5,8,6,6.00,5.08
30,18,20,Random,1,bell,traffic light,drum,336.5,339,2,6.00,5.08
30,18,20,Random,29,stool,basketball,trash can,106,110,4,6.00,5.08
30,18,20,Random,20,trash can,bell,tree,34,28,6,6.00,5.08
30,18,20,Random,19,traffic light,drum,barrell,54.5,37,18,6.00,5.08
30,18,20,Random,16,drum,bell,wheel,173.5,175,2,6.00,5.08
30,18,20,Random,13,basketball,bell,tree,67.5,67,1,6.00,5.08
30,18,20,Random,32,stool,wheel,barrell,312.5,309,4,6.00,5.08
30,18,20,Random,12,barrell,bell,wheel,306,298,8,6.00,5.08
30,18,20,Random,26,drum,basketball,trash can,164,157,7,6.00,5.08
30,18,20,Random,10,wheel,traffic light,barrell,144,151,7,6.00,5.08
31,19,20,Random,16,drum,bell,wheel,173.5,180,6,6.16,4.91
31,19,20,Random,22,drum,tree,barrell,55,47,8,6.16,4.91
31,19,20,Random,15,wheel,stool,drum,333.5,329,4,6.16,4.91
31,19,20,Random,27,bell,stool,tree,331.5,327,4,6.16,4.91
31,19,20,Random,18,wheel,tree,drum,310,328,18,6.16,4.91
31,19,20,Random,25,trash can,barrell,wheel,18,18,0,6.16,4.91
31,19,20,Random,13,basketball,bell,tree,67.5,62,6,6.16,4.91
31,19,20,Random,31,tree ,barrell,basketball,35,34,1,6.16,4.91
31,19,20,Random,20,trash can,bell,tree,34,30,4,6.16,4.91
31,19,20,Random,2,tree,basketball,wheel,2.5,2,1,6.16,4.91
31,19,20,Random,14,barrell,tree,basketball,311.5,302,10,6.16,4.91
31,19,20,Random,12,barrell,bell,wheel,306,293,13,6.16,4.91
31,19,20,Random,19,traffic light,drum,barrell,54.5,44,10,6.16,4.91
31,19,20,Random,8,barrell,traffic light,bell,40,45,5,6.16,4.91
31,19,20,Random,30,drum,wheel,bell,185,183,2,6.16,4.91
31,19,20,Random,17,basketball,tree,wheel,184,188,4,6.16,4.91
31,19,20,Random,29,stool,basketball,trash can,106,104,2,6.16,4.91
31,19,20,Random,6,tree ,trash can,bell,25,35,10,6.16,4.91
31,19,20,Random,9,barrell,trash can,tree,64.5,61,4,6.16,4.91
31,19,20,Random,28,stool,barrell,traffic light,89.5,86,4,6.16,4.91
31,19,20,Random,4,drum,traffic light,stool,193,193,0,6.16,4.91
31,19,20,Random,24,traffic light,barrell,basketball,342,337,5,6.16,4.91
31,19,20,Random,3,basketball,wheel,trash can,68.5,69,1,6.16,4.91
31,19,20,Random,26,drum,basketball,trash can,164,160,4,6.16,4.91
31,19,20,Random,11,barrell,basketball,stool,13.5,12,2,6.16,4.91
31,19,20,Random,10,wheel,traffic light,barrell,144,141,3,6.16,4.91
31,19,20,Random,7,drum,trash can,tree,146.5,130,16,6.16,4.91
31,19,20,Random,1,bell,traffic light,drum,336.5,347,10,6.16,4.91
31,19,20,Random,21,drum,stool,trash can,220,229,9,6.16,4.91
31,19,20,Random,32,stool,wheel,barrell,312.5,318,6,6.16,4.91
31,19,20,Random,5,stool,drum,wheel,311,329,18,6.16,4.91
31,19,20,Random,23,trash can,tree,wheel,50,57,7,6.16,4.91
25,18,20,Random,23,trash can,tree,wheel,50,64,14,25.17,37.38
25,18,20,Random,9,barrell,trash can,tree,64.5,126,62,25.17,37.38
25,18,20,Random,25,trash can,barrell,wheel,18,30,12,25.17,37.38
25,18,20,Random,30,drum,wheel,bell,185,176,9,25.17,37.38
25,18,20,Random,27,bell,stool,tree,331.5,323,8,25.17,37.38
25,18,20,Random,13,basketball,bell,tree,67.5,69,2,25.17,37.38
25,18,20,Random,5,stool,drum,wheel,311,341,30,25.17,37.38
25,18,20,Random,10,wheel,traffic light,barrell,144,276,132,25.17,37.38
25,18,20,Random,26,drum,basketball,trash can,164,175,11,25.17,37.38
25,18,20,Random,15,wheel,stool,drum,333.5,340,6,25.17,37.38
25,18,20,Random,32,stool,wheel,barrell,312.5,300,12,25.17,37.38
25,18,20,Random,16,drum,bell,wheel,173.5,169,4,25.17,37.38
25,18,20,Random,18,wheel,tree,drum,310,328,18,25.17,37.38
25,18,20,Random,3,basketball,wheel,trash can,68.5,94,26,25.17,37.38
25,18,20,Random,11,barrell,basketball,stool,13.5,12,2,25.17,37.38
25,18,20,Random,17,basketball,tree,wheel,184,174,10,25.17,37.38
25,18,20,Random,21,drum,stool,trash can,220,88,132,25.17,37.38
25,18,20,Random,22,drum,tree,barrell,55,54,1,25.17,37.38
25,18,20,Random,1,bell,traffic light,drum,336.5,337,1,25.17,37.38
25,18,20,Random,4,drum,traffic light,stool,193,213,20,25.17,37.38
25,18,20,Random,7,drum,trash can,tree,146.5,160,14,25.17,37.38
25,18,20,Random,14,barrell,tree,basketball,311.5,338,26,25.17,37.38
25,18,20,Random,20,trash can,bell,tree,34,261,133,25.17,37.38
25,18,20,Random,6,tree ,trash can,bell,25,97,72,25.17,37.38
25,18,20,Random,12,barrell,bell,wheel,306,334,28,25.17,37.38
25,18,20,Random,8,barrell,traffic light,bell,40,140,100,25.17,37.38
25,18,20,Random,31,tree ,barrell,basketball,35,20,15,25.17,37.38
25,18,20,Random,28,stool,barrell,traffic light,89.5,54,36,25.17,37.38
25,18,20,Random,19,traffic light,drum,barrell,54.5,91,36,25.17,37.38
25,18,20,Random,29,stool,basketball,trash can,106,73,33,25.17,37.38
25,18,20,Random,24,traffic light,barrell,basketball,342,313,29,25.17,37.38
25,18,20,Random,2,tree,basketball,wheel,2.5,9,6,25.17,37.38
19,18,20,Random,28,stool,barrell,traffic light,89.5,79,10,10.75,8.49
19,18,20,Random,12,barrell,bell,wheel,306,304,2,10.75,8.49
19,18,20,Random,5,stool,drum,wheel,311,325,14,10.75,8.49
19,18,20,Random,32,stool,wheel,barrell,312.5,310,2,10.75,8.49
19,18,20,Random,20,trash can,bell,tree,34,22,12,10.75,8.49
19,18,20,Random,11,barrell,basketball,stool,13.5,357,16,10.75,8.49
19,18,20,Random,21,drum,stool,trash can,220,249,29,10.75,8.49
19,18,20,Random,8,barrell,traffic light,bell,40,41,1,10.75,8.49
19,18,20,Random,27,bell,stool,tree,331.5,326,6,10.75,8.49
19,18,20,Random,18,wheel,tree,drum,310,322,12,10.75,8.49
19,18,20,Random,1,bell,traffic light,drum,336.5,344,8,10.75,8.49
19,18,20,Random,10,wheel,traffic light,barrell,144,136,8,10.75,8.49
19,18,20,Random,26,drum,basketball,trash can,164,152,12,10.75,8.49
19,18,20,Random,30,drum,wheel,bell,185,180,5,10.75,8.49
19,18,20,Random,19,traffic light,drum,barrell,54.5,30,24,10.75,8.49
19,18,20,Random,16,drum,bell,wheel,173.5,179,6,10.75,8.49
19,18,20,Random,2,tree,basketball,wheel,2.5,2,1,10.75,8.49
19,18,20,Random,22,drum,tree,barrell,55,43,12,10.75,8.49
19,18,20,Random,4,drum,traffic light,stool,193,189,4,10.75,8.49
19,18,20,Random,23,trash can,tree,wheel,50,45,5,10.75,8.49
19,18,20,Random,17,basketball,tree,wheel,184,185,1,10.75,8.49
19,18,20,Random,3,basketball,wheel,trash can,68.5,75,6,10.75,8.49
19,18,20,Random,29,stool,basketball,trash can,106,87,19,10.75,8.49
19,18,20,Random,24,traffic light,barrell,basketball,342,342,0,10.75,8.49
19,18,20,Random,7,drum,trash can,tree,146.5,120,26,10.75,8.49
19,18,20,Random,6,tree ,trash can,bell,25,39,14,10.75,8.49
19,18,20,Random,13,basketball,bell,tree,67.5,35,32,10.75,8.49
19,18,20,Random,14,barrell,tree,basketball,311.5,332,20,10.75,8.49
19,18,20,Random,31,tree ,barrell,basketball,35,30,5,10.75,8.49
19,18,20,Random,25,trash can,barrell,wheel,18,28,10,10.75,8.49
19,18,20,Random,15,wheel,stool,drum,333.5,339,6,10.75,8.49
19,18,20,Random,9,barrell,trash can,tree,64.5,48,16,10.75,8.49
33,20,20,Random,31,tree ,barrell,basketball,35,35,0,9.97,14.23
33,20,20,Random,23,trash can,tree,wheel,50,53,3,9.97,14.23
33,20,20,Random,32,stool,wheel,barrell,312.5,315,2,9.97,14.23
33,20,20,Random,29,stool,basketball,trash can,106,73,33,9.97,14.23
33,20,20,Random,15,wheel,stool,drum,333.5,330,4,9.97,14.23
33,20,20,Random,1,bell,traffic light,drum,336.5,329,8,9.97,14.23
33,20,20,Random,11,barrell,basketball,stool,13.5,13,1,9.97,14.23
33,20,20,Random,25,trash can,barrell,wheel,18,27,9,9.97,14.23
33,20,20,Random,13,basketball,bell,tree,67.5,77,10,9.97,14.23
33,20,20,Random,10,wheel,traffic light,barrell,144,165,21,9.97,14.23
33,20,20,Random,12,barrell,bell,wheel,306,286,20,9.97,14.23
33,20,20,Random,18,wheel,tree,drum,310,302,8,9.97,14.23
33,20,20,Random,24,traffic light,barrell,basketball,342,340,2,9.97,14.23
33,20,20,Random,19,traffic light,drum,barrell,54.5,49,6,9.97,14.23
33,20,20,Random,27,bell,stool,tree,331.5,47,76,9.97,14.23
33,20,20,Random,30,drum,wheel,bell,185,187,2,9.97,14.23
33,20,20,Random,6,tree ,trash can,bell,25,25,0,9.97,14.23
33,20,20,Random,14,barrell,tree,basketball,311.5,312,1,9.97,14.23
33,20,20,Random,28,stool,barrell,traffic light,89.5,80,10,9.97,14.23
33,20,20,Random,2,tree,basketball,wheel,2.5,2,1,9.97,14.23
33,20,20,Random,4,drum,traffic light,stool,193,184,9,9.97,14.23
33,20,20,Random,17,basketball,tree,wheel,184,184,0,9.97,14.23
33,20,20,Random,9,barrell,trash can,tree,64.5,77,12,9.97,14.23
33,20,20,Random,5,stool,drum,wheel,311,328,17,9.97,14.23
33,20,20,Random,22,drum,tree,barrell,55,56,1,9.97,14.23
33,20,20,Random,21,drum,stool,trash can,220,203,17,9.97,14.23
33,20,20,Random,7,drum,trash can,tree,146.5,156,10,9.97,14.23
33,20,20,Random,3,basketball,wheel,trash can,68.5,58,10,9.97,14.23
33,20,20,Random,20,trash can,bell,tree,34,20,14,9.97,14.23
33,20,20,Random,16,drum,bell,wheel,173.5,175,2,9.97,14.23
33,20,20,Random,8,barrell,traffic light,bell,40,37,3,9.97,14.23
33,20,20,Random,26,drum,basketball,trash can,164,171,7,9.97,14.23
27,19,20,Random,8,barrell,traffic light,bell,40,112,72,46.67,44.47
27,19,20,Random,26,drum,basketball,trash can,164,160,4,46.67,44.47
27,19,20,Random,16,drum,bell,wheel,173.5,183,10,46.67,44.47
27,19,20,Random,12,barrell,bell,wheel,306,182,124,46.67,44.47
27,19,20,Random,5,stool,drum,wheel,311,344,33,46.67,44.47
27,19,20,Random,27,bell,stool,tree,331.5,327,4,46.67,44.47
27,19,20,Random,9,barrell,trash can,tree,64.5,160,96,46.67,44.47
27,19,20,Random,11,barrell,basketball,stool,13.5,298,76,46.67,44.47
27,19,20,Random,21,drum,stool,trash can,220,218,2,46.67,44.47
27,19,20,Random,30,drum,wheel,bell,185,200,15,46.67,44.47
27,19,20,Random,13,basketball,bell,tree,67.5,45,22,46.67,44.47
27,19,20,Random,28,stool,barrell,traffic light,89.5,347,102,46.67,44.47
27,19,20,Random,14,barrell,tree,basketball,311.5,35,84,46.67,44.47
27,19,20,Random,15,wheel,stool,drum,333.5,337,4,46.67,44.47
27,19,20,Random,4,drum,traffic light,stool,193,190,3,46.67,44.47
27,19,20,Random,22,drum,tree,barrell,55,84,29,46.67,44.47
27,19,20,Random,31,tree ,barrell,basketball,35,30,5,46.67,44.47
27,19,20,Random,23,trash can,tree,wheel,50,67,17,46.67,44.47
27,19,20,Random,24,traffic light,barrell,basketball,342,346,4,46.67,44.47
27,19,20,Random,19,traffic light,drum,barrell,54.5,40,14,46.67,44.47
27,19,20,Random,25,trash can,barrell,wheel,18,20,2,46.67,44.47
27,19,20,Random,32,stool,wheel,barrell,312.5,330,18,46.67,44.47
27,19,20,Random,7,drum,trash can,tree,146.5,148,2,46.67,44.47
27,19,20,Random,3,basketball,wheel,trash can,68.5,61,8,46.67,44.47
27,19,20,Random,10,wheel,traffic light,barrell,144,149,5,46.67,44.47
27,19,20,Random,29,stool,basketball,trash can,106,92,14,46.67,44.47
27,19,20,Random,6,tree ,trash can,bell,25,30,5,46.67,44.47
27,19,20,Random,18,wheel,tree,drum,310,334,24,46.67,44.47
27,19,20,Random,17,basketball,tree,wheel,184,187,3,46.67,44.47
27,19,20,Random,20,trash can,bell,tree,34,345,49,46.67,44.47
27,19,20,Random,1,bell,traffic light,drum,336.5,345,8,46.67,44.47
27,19,20,Random,2,tree,basketball,wheel,2.5,5,2,46.67,44.47
26,18,20,Random,19,traffic light,drum,barrell,54.5,89,34,15.83,13.30
26,18,20,Random,11,barrell,basketball,stool,13.5,29,16,15.83,13.30
26,18,20,Random,20,trash can,bell,tree,34,27,7,15.83,13.30
26,18,20,Random,12,barrell,bell,wheel,306,271,35,15.83,13.30
26,18,20,Random,8,barrell,traffic light,bell,40,64,24,15.83,13.30
26,18,20,Random,18,wheel,tree,drum,310,326,16,15.83,13.30
26,18,20,Random,28,stool,barrell,traffic light,89.5,90,1,15.83,13.30
26,18,20,Random,2,tree,basketball,wheel,2.5,1,2,15.83,13.30
26,18,20,Random,22,drum,tree,barrell,55,90,35,15.83,13.30
26,18,20,Random,5,stool,drum,wheel,311,324,13,15.83,13.30
26,18,20,Random,4,drum,traffic light,stool,193,187,6,15.83,13.30
26,18,20,Random,14,barrell,tree,basketball,311.5,312,1,15.83,13.30
26,18,20,Random,17,basketball,tree,wheel,184,180,4,15.83,13.30
26,18,20,Random,13,basketball,bell,tree,67.5,89,22,15.83,13.30
26,18,20,Random,29,stool,basketball,trash can,106,63,43,15.83,13.30
26,18,20,Random,27,bell,stool,tree,331.5,311,20,15.83,13.30
26,18,20,Random,3,basketball,wheel,trash can,68.5,96,28,15.83,13.30
26,18,20,Random,31,tree ,barrell,basketball,35,34,1,15.83,13.30
26,18,20,Random,26,drum,basketball,trash can,164,163,1,15.83,13.30
26,18,20,Random,15,wheel,stool,drum,333.5,339,6,15.83,13.30
26,18,20,Random,24,traffic light,barrell,basketball,342,331,11,15.83,13.30
26,18,20,Random,25,trash can,barrell,wheel,18,41,23,15.83,13.30
26,18,20,Random,1,bell,traffic light,drum,336.5,332,4,15.83,13.30
26,18,20,Random,30,drum,wheel,bell,185,179,6,15.83,13.30
26,18,20,Random,32,stool,wheel,barrell,312.5,317,4,15.83,13.30
26,18,20,Random,6,tree ,trash can,bell,25,50,25,15.83,13.30
26,18,20,Random,10,wheel,traffic light,barrell,144,135,9,15.83,13.30
26,18,20,Random,23,trash can,tree,wheel,50,89,39,15.83,13.30
26,18,20,Random,9,barrell,trash can,tree,64.5,78,14,15.83,13.30
26,18,20,Random,21,drum,stool,trash can,220,274,54,15.83,13.30
26,18,20,Random,16,drum,bell,wheel,173.5,155,18,15.83,13.30
26,18,20,Random,7,drum,trash can,tree,146.5,124,22,15.83,13.30
32,21,20,Random,10,wheel,traffic light,barrell,144,88,56,17.44,33.63
32,21,20,Random,27,bell,stool,tree,331.5,335,4,17.44,33.63
32,21,20,Random,25,trash can,barrell,wheel,18,15,3,17.44,33.63
32,21,20,Random,11,barrell,basketball,stool,13.5,7,6,17.44,33.63
32,21,20,Random,23,trash can,tree,wheel,50,54,4,17.44,33.63
32,21,20,Random,6,tree ,trash can,bell,25,25,0,17.44,33.63
32,21,20,Random,1,bell,traffic light,drum,336.5,341,4,17.44,33.63
32,21,20,Random,7,drum,trash can,tree,146.5,135,12,17.44,33.63
32,21,20,Random,3,basketball,wheel,trash can,68.5,67,2,17.44,33.63
32,21,20,Random,20,trash can,bell,tree,34,21,13,17.44,33.63
32,21,20,Random,15,wheel,stool,drum,333.5,339,6,17.44,33.63
32,21,20,Random,12,barrell,bell,wheel,306,291,15,17.44,33.63
32,21,20,Random,8,barrell,traffic light,bell,40,27,13,17.44,33.63
32,21,20,Random,24,traffic light,barrell,basketball,342,341,1,17.44,33.63
32,21,20,Random,17,basketball,tree,wheel,184,356,172,17.44,33.63
32,21,20,Random,19,traffic light,drum,barrell,54.5,43,12,17.44,33.63
32,21,20,Random,18,wheel,tree,drum,310,306,4,17.44,33.63
32,21,20,Random,9,barrell,trash can,tree,64.5,63,2,17.44,33.63
32,21,20,Random,14,barrell,tree,basketball,311.5,302,10,17.44,33.63
32,21,20,Random,21,drum,stool,trash can,220,247,27,17.44,33.63
32,21,20,Random,22,drum,tree,barrell,55,62,7,17.44,33.63
32,21,20,Random,13,basketball,bell,tree,67.5,68,1,17.44,33.63
32,21,20,Random,31,tree ,barrell,basketball,35,28,7,17.44,33.63
32,21,20,Random,28,stool,barrell,traffic light,89.5,76,14,17.44,33.63
32,21,20,Random,29,stool,basketball,trash can,106,113,7,17.44,33.63
32,21,20,Random,4,drum,traffic light,stool,193,195,2,17.44,33.63
32,21,20,Random,2,tree,basketball,wheel,2.5,10,8,17.44,33.63
32,21,20,Random,32,stool,wheel,barrell,312.5,47,94,17.44,33.63
32,21,20,Random,16,drum,bell,wheel,173.5,153,20,17.44,33.63
32,21,20,Random,5,stool,drum,wheel,311,334,23,17.44,33.63
32,21,20,Random,30,drum,wheel,bell,185,193,8,17.44,33.63
32,21,20,Random,26,drum,basketball,trash can,164,165,1,17.44,33.63
41,19,20,Random,18,wheel,tree,drum,310,338,28,11.56,10.30
41,19,20,Random,31,tree ,barrell,basketball,35,21,14,11.56,10.30
41,19,20,Random,4,drum,traffic light,stool,193,192,1,11.56,10.30
41,19,20,Random,17,basketball,tree,wheel,184,177,7,11.56,10.30
41,19,20,Random,14,barrell,tree,basketball,311.5,344,32,11.56,10.30
41,19,20,Random,15,wheel,stool,drum,333.5,346,12,11.56,10.30
41,19,20,Random,20,trash can,bell,tree,34,59,25,11.56,10.30
41,19,20,Random,16,drum,bell,wheel,173.5,180,6,11.56,10.30
41,19,20,Random,2,tree,basketball,wheel,2.5,2,1,11.56,10.30
41,19,20,Random,1,bell,traffic light,drum,336.5,345,8,11.56,10.30
41,19,20,Random,26,drum,basketball,trash can,164,158,6,11.56,10.30
41,19,20,Random,27,bell,stool,tree,331.5,339,8,11.56,10.30
41,19,20,Random,3,basketball,wheel,trash can,68.5,71,2,11.56,10.30
41,19,20,Random,21,drum,stool,trash can,220,214,6,11.56,10.30
41,19,20,Random,13,basketball,bell,tree,67.5,45,22,11.56,10.30
41,19,20,Random,23,trash can,tree,wheel,50,35,15,11.56,10.30
41,19,20,Random,11,barrell,basketball,stool,13.5,7,6,11.56,10.30
41,19,20,Random,12,barrell,bell,wheel,306,341,35,11.56,10.30
41,19,20,Random,8,barrell,traffic light,bell,40,44,4,11.56,10.30
41,19,20,Random,30,drum,wheel,bell,185,181,4,11.56,10.30
41,19,20,Random,29,stool,basketball,trash can,106,94,12,11.56,10.30
41,19,20,Random,10,wheel,traffic light,barrell,144,154,10,11.56,10.30
41,19,20,Random,22,drum,tree,barrell,55,51,4,11.56,10.30
41,19,20,Random,19,traffic light,drum,barrell,54.5,38,16,11.56,10.30
41,19,20,Random,25,trash can,barrell,wheel,18,15,3,11.56,10.30
41,19,20,Random,24,traffic light,barrell,basketball,342,345,3,11.56,10.30
41,19,20,Random,28,stool,barrell,traffic light,89.5,90,1,11.56,10.30
41,19,20,Random,6,tree ,trash can,bell,25,26,1,11.56,10.30
41,19,20,Random,7,drum,trash can,tree,146.5,138,8,11.56,10.30
41,19,20,Random,5,stool,drum,wheel,311,341,30,11.56,10.30
41,19,20,Random,9,barrell,trash can,tree,64.5,34,30,11.56,10.30
41,19,20,Random,32,stool,wheel,barrell,312.5,322,10,11.56,10.30
40,20,20,Random,8,barrell,traffic light,bell,40,68,28,33.08,37.40
40,20,20,Random,27,bell,stool,tree,331.5,326,6,33.08,37.40
40,20,20,Random,18,wheel,tree,drum,310,18,68,33.08,37.40
40,20,20,Random,14,barrell,tree,basketball,311.5,333,22,33.08,37.40
40,20,20,Random,28,stool,barrell,traffic light,89.5,62,28,33.08,37.40
40,20,20,Random,11,barrell,basketball,stool,13.5,25,12,33.08,37.40
40,20,20,Random,30,drum,wheel,bell,185,321,136,33.08,37.40
40,20,20,Random,24,traffic light,barrell,basketball,342,334,8,33.08,37.40
40,20,20,Random,15,wheel,stool,drum,333.5,340,6,33.08,37.40
40,20,20,Random,20,trash can,bell,tree,34,14,20,33.08,37.40
40,20,20,Random,31,tree ,barrell,basketball,35,22,13,33.08,37.40
40,20,20,Random,13,basketball,bell,tree,67.5,118,50,33.08,37.40
40,20,20,Random,32,stool,wheel,barrell,312.5,312,1,33.08,37.40
40,20,20,Random,4,drum,traffic light,stool,193,178,15,33.08,37.40
40,20,20,Random,29,stool,basketball,trash can,106,86,20,33.08,37.40
40,20,20,Random,16,drum,bell,wheel,173.5,180,6,33.08,37.40
40,20,20,Random,26,drum,basketball,trash can,164,91,73,33.08,37.40
40,20,20,Random,17,basketball,tree,wheel,184,184,0,33.08,37.40
40,20,20,Random,6,tree ,trash can,bell,25,91,66,33.08,37.40
40,20,20,Random,12,barrell,bell,wheel,306,274,32,33.08,37.40
40,20,20,Random,22,drum,tree,barrell,55,60,5,33.08,37.40
40,20,20,Random,1,bell,traffic light,drum,336.5,343,6,33.08,37.40
40,20,20,Random,7,drum,trash can,tree,146.5,226,80,33.08,37.40
40,20,20,Random,5,stool,drum,wheel,311,344,33,33.08,37.40
40,20,20,Random,10,wheel,traffic light,barrell,144,267,123,33.08,37.40
40,20,20,Random,25,trash can,barrell,wheel,18,24,6,33.08,37.40
40,20,20,Random,23,trash can,tree,wheel,50,30,20,33.08,37.40
40,20,20,Random,2,tree,basketball,wheel,2.5,2,1,33.08,37.40
40,20,20,Random,21,drum,stool,trash can,220,268,48,33.08,37.40
40,20,20,Random,9,barrell,trash can,tree,64.5,172,108,33.08,37.40
40,20,20,Random,19,traffic light,drum,barrell,54.5,88,34,33.08,37.40
40,20,20,Random,3,basketball,wheel,trash can,68.5,94,26,33.08,37.40
1,20,20,Random,8,barrell,traffic light,bell,40,45,5,6.17,4.90
1,20,20,Random,10,wheel,traffic light,barrell,144,140,4,6.17,4.90
1,20,20,Random,16,drum,bell,wheel,173.5,176,2,6.17,4.90
1,20,20,Random,18,wheel,tree,drum,310,315,5,6.17,4.90
1,20,20,Random,12,barrell,bell,wheel,306,298,8,6.17,4.90
1,20,20,Random,26,drum,basketball,trash can,164,160,4,6.17,4.90
1,20,20,Random,13,basketball,bell,tree,67.5,67,1,6.17,4.90
1,20,20,Random,9,barrell,trash can,tree,64.5,80,16,6.17,4.90
1,20,20,Random,17,basketball,tree,wheel,184,180,4,6.17,4.90
1,20,20,Random,14,barrell,tree,basketball,311.5,322,10,6.17,4.90
1,20,20,Random,3,basketball,wheel,trash can,68.5,83,14,6.17,4.90
1,20,20,Random,2,tree,basketball,wheel,2.5,2,1,6.17,4.90
1,20,20,Random,28,stool,barrell,traffic light,89.5,90,1,6.17,4.90
1,20,20,Random,24,traffic light,barrell,basketball,342,341,1,6.17,4.90
1,20,20,Random,29,stool,basketball,trash can,106,100,6,6.17,4.90
1,20,20,Random,4,drum,traffic light,stool,193,189,4,6.17,4.90
1,20,20,Random,27,bell,stool,tree,331.5,331,1,6.17,4.90
1,20,20,Random,20,trash can,bell,tree,34,23,11,6.17,4.90
1,20,20,Random,31,tree ,barrell,basketball,35,35,0,6.17,4.90
1,20,20,Random,21,drum,stool,trash can,220,213,7,6.17,4.90
1,20,20,Random,32,stool,wheel,barrell,312.5,315,2,6.17,4.90
1,20,20,Random,30,drum,wheel,bell,185,195,10,6.17,4.90
1,20,20,Random,22,drum,tree,barrell,55,65,10,6.17,4.90
1,20,20,Random,7,drum,trash can,tree,146.5,146,1,6.17,4.90
1,20,20,Random,11,barrell,basketball,stool,13.5,17,4,6.17,4.90
1,20,20,Random,25,trash can,barrell,wheel,18,25,7,6.17,4.90
1,20,20,Random,19,traffic light,drum,barrell,54.5,39,16,6.17,4.90
1,20,20,Random,6,tree ,trash can,bell,25,27,2,6.17,4.90
1,20,20,Random,15,wheel,stool,drum,333.5,339,6,6.17,4.90
1,20,20,Random,23,trash can,tree,wheel,50,73,23,6.17,4.90
1,20,20,Random,5,stool,drum,wheel,311,325,14,6.17,4.90
1,20,20,Random,1,bell,traffic light,drum,336.5,341,4,6.17,4.90
3,19,20,Random,31,tree ,barrell,basketball,35,29,6,24.25,22.79
3,19,20,Random,30,drum,wheel,bell,185,162,23,24.25,22.79
3,19,20,Random,25,trash can,barrell,wheel,18,26,8,24.25,22.79
3,19,20,Random,2,tree,basketball,wheel,2.5,1,2,24.25,22.79
3,19,20,Random,16,drum,bell,wheel,173.5,196,22,24.25,22.79
3,19,20,Random,6,tree ,trash can,bell,25,72,47,24.25,22.79
3,19,20,Random,15,wheel,stool,drum,333.5,32,58,24.25,22.79
3,19,20,Random,19,traffic light,drum,barrell,54.5,91,36,24.25,22.79
3,19,20,Random,10,wheel,traffic light,barrell,144,76,68,24.25,22.79
3,19,20,Random,32,stool,wheel,barrell,312.5,306,6,24.25,22.79
3,19,20,Random,4,drum,traffic light,stool,193,188,5,24.25,22.79
3,19,20,Random,17,basketball,tree,wheel,184,194,10,24.25,22.79
3,19,20,Random,13,basketball,bell,tree,67.5,51,16,24.25,22.79
3,19,20,Random,24,traffic light,barrell,basketball,342,320,22,24.25,22.79
3,19,20,Random,23,trash can,tree,wheel,50,64,14,24.25,22.79
3,19,20,Random,18,wheel,tree,drum,310,331,21,24.25,22.79
3,19,20,Random,11,barrell,basketball,stool,13.5,46,32,24.25,22.79
3,19,20,Random,5,stool,drum,wheel,311,323,12,24.25,22.79
3,19,20,Random,20,trash can,bell,tree,34,44,10,24.25,22.79
3,19,20,Random,12,barrell,bell,wheel,306,296,10,24.25,22.79
3,19,20,Random,26,drum,basketball,trash can,164,153,11,24.25,22.79
3,19,20,Random,21,drum,stool,trash can,220,159,61,24.25,22.79
3,19,20,Random,27,bell,stool,tree,331.5,280,52,24.25,22.79
3,19,20,Random,1,bell,traffic light,drum,336.5,339,2,24.25,22.79
3,19,20,Random,8,barrell,traffic light,bell,40,123,83,24.25,22.79
3,19,20,Random,28,stool,barrell,traffic light,89.5,123,34,24.25,22.79
3,19,20,Random,9,barrell,trash can,tree,64.5,76,12,24.25,22.79
3,19,20,Random,14,barrell,tree,basketball,311.5,328,16,24.25,22.79
3,19,20,Random,3,basketball,wheel,trash can,68.5,129,60,24.25,22.79
3,19,20,Random,29,stool,basketball,trash can,106,52,54,24.25,22.79
3,19,20,Random,22,drum,tree,barrell,55,59,4,24.25,22.79
3,19,20,Random,7,drum,trash can,tree,146.5,133,14,24.25,22.79
42,19,20,Random,16,drum,bell,wheel,173.5,179,6,11.06,10.48
42,19,20,Random,9,barrell,trash can,tree,64.5,42,22,11.06,10.48
42,19,20,Random,25,trash can,barrell,wheel,18,18,0,11.06,10.48
42,19,20,Random,31,tree ,barrell,basketball,35,21,14,11.06,10.48
42,19,20,Random,30,drum,wheel,bell,185,182,3,11.06,10.48
42,19,20,Random,13,basketball,bell,tree,67.5,43,24,11.06,10.48
42,19,20,Random,26,drum,basketball,trash can,164,165,1,11.06,10.48
42,19,20,Random,4,drum,traffic light,stool,193,197,4,11.06,10.48
42,19,20,Random,32,stool,wheel,barrell,312.5,301,12,11.06,10.48
42,19,20,Random,10,wheel,traffic light,barrell,144,157,13,11.06,10.48
42,19,20,Random,6,tree ,trash can,bell,25,51,26,11.06,10.48
42,19,20,Random,24,traffic light,barrell,basketball,342,330,12,11.06,10.48
42,19,20,Random,23,trash can,tree,wheel,50,94,44,11.06,10.48
42,19,20,Random,22,drum,tree,barrell,55,51,4,11.06,10.48
42,19,20,Random,8,barrell,traffic light,bell,40,44,4,11.06,10.48
42,19,20,Random,3,basketball,wheel,trash can,68.5,78,10,11.06,10.48
42,19,20,Random,28,stool,barrell,traffic light,89.5,96,6,11.06,10.48
42,19,20,Random,21,drum,stool,trash can,220,225,5,11.06,10.48
42,19,20,Random,19,traffic light,drum,barrell,54.5,38,16,11.06,10.48
42,19,20,Random,7,drum,trash can,tree,146.5,152,6,11.06,10.48
42,19,20,Random,15,wheel,stool,drum,333.5,333,1,11.06,10.48
42,19,20,Random,27,bell,stool,tree,331.5,337,6,11.06,10.48
42,19,20,Random,14,barrell,tree,basketball,311.5,333,22,11.06,10.48
42,19,20,Random,12,barrell,bell,wheel,306,328,22,11.06,10.48
42,19,20,Random,11,barrell,basketball,stool,13.5,14,1,11.06,10.48
42,19,20,Random,20,trash can,bell,tree,34,36,2,11.06,10.48
42,19,20,Random,29,stool,basketball,trash can,106,101,5,11.06,10.48
42,19,20,Random,5,stool,drum,wheel,311,332,21,11.06,10.48
42,19,20,Random,2,tree,basketball,wheel,2.5,5,2,11.06,10.48
42,19,20,Random,18,wheel,tree,drum,310,340,30,11.06,10.48
42,19,20,Random,17,basketball,tree,wheel,184,192,8,11.06,10.48
42,19,20,Random,1,bell,traffic light,drum,336.5,335,2,11.06,10.48
43,18,20,Random,17,basketball,tree,wheel,184,185,1,10.78,25.88
43,18,20,Random,24,traffic light,barrell,basketball,342,340,2,10.78,25.88
43,18,20,Random,30,drum,wheel,bell,185,185,0,10.78,25.88
43,18,20,Random,13,basketball,bell,tree,67.5,70,2,10.78,25.88
43,18,20,Random,19,traffic light,drum,barrell,54.5,46,8,10.78,25.88
43,18,20,Random,15,wheel,stool,drum,333.5,334,1,10.78,25.88
43,18,20,Random,7,drum,trash can,tree,146.5,142,4,10.78,25.88
43,18,20,Random,14,barrell,tree,basketball,311.5,313,2,10.78,25.88
43,18,20,Random,12,barrell,bell,wheel,306,315,9,10.78,25.88
43,18,20,Random,20,trash can,bell,tree,34,29,5,10.78,25.88
43,18,20,Random,29,stool,basketball,trash can,106,100,6,10.78,25.88
43,18,20,Random,31,tree ,barrell,basketball,35,35,0,10.78,25.88
43,18,20,Random,2,tree,basketball,wheel,2.5,3,1,10.78,25.88
43,18,20,Random,25,trash can,barrell,wheel,18,25,7,10.78,25.88
43,18,20,Random,32,stool,wheel,barrell,312.5,319,6,10.78,25.88
43,18,20,Random,4,drum,traffic light,stool,193,44,149,10.78,25.88
43,18,20,Random,11,barrell,basketball,stool,13.5,17,4,10.78,25.88
43,18,20,Random,27,bell,stool,tree,331.5,328,4,10.78,25.88
43,18,20,Random,21,drum,stool,trash can,220,213,7,10.78,25.88
43,18,20,Random,22,drum,tree,barrell,55,53,2,10.78,25.88
43,18,20,Random,3,basketball,wheel,trash can,68.5,80,12,10.78,25.88
43,18,20,Random,10,wheel,traffic light,barrell,144,146,2,10.78,25.88
43,18,20,Random,9,barrell,trash can,tree,64.5,59,6,10.78,25.88
43,18,20,Random,6,tree ,trash can,bell,25,42,17,10.78,25.88
43,18,20,Random,26,drum,basketball,trash can,164,148,16,10.78,25.88
43,18,20,Random,28,stool,barrell,traffic light,89.5,64,26,10.78,25.88
43,18,20,Random,18,wheel,tree,drum,310,319,9,10.78,25.88
43,18,20,Random,16,drum,bell,wheel,173.5,178,4,10.78,25.88
43,18,20,Random,5,stool,drum,wheel,311,327,16,10.78,25.88
43,18,20,Random,1,bell,traffic light,drum,336.5,335,2,10.78,25.88
43,18,20,Random,8,barrell,traffic light,bell,40,47,7,10.78,25.88
43,18,20,Random,23,trash can,tree,wheel,50,58,8,10.78,25.88
2,18,20,Random,12,barrell,bell,wheel,306,325,19,12.42,10.70
2,18,20,Random,13,basketball,bell,tree,67.5,37,30,12.42,10.70
2,18,20,Random,24,traffic light,barrell,basketball,342,325,17,12.42,10.70
2,18,20,Random,1,bell,traffic light,drum,336.5,339,2,12.42,10.70
2,18,20,Random,28,stool,barrell,traffic light,89.5,89,1,12.42,10.70
2,18,20,Random,18,wheel,tree,drum,310,327,17,12.42,10.70
2,18,20,Random,15,wheel,stool,drum,333.5,335,2,12.42,10.70
2,18,20,Random,9,barrell,trash can,tree,64.5,60,4,12.42,10.70
2,18,20,Random,16,drum,bell,wheel,173.5,177,4,12.42,10.70
2,18,20,Random,26,drum,basketball,trash can,164,168,4,12.42,10.70
2,18,20,Random,3,basketball,wheel,trash can,68.5,90,22,12.42,10.70
2,18,20,Random,23,trash can,tree,wheel,50,77,27,12.42,10.70
2,18,20,Random,27,bell,stool,tree,331.5,331,1,12.42,10.70
2,18,20,Random,20,trash can,bell,tree,34,48,14,12.42,10.70
2,18,20,Random,17,basketball,tree,wheel,184,184,0,12.42,10.70
2,18,20,Random,8,barrell,traffic light,bell,40,61,21,12.42,10.70
2,18,20,Random,19,traffic light,drum,barrell,54.5,88,34,12.42,10.70
2,18,20,Random,11,barrell,basketball,stool,13.5,345,28,12.42,10.70
2,18,20,Random,5,stool,drum,wheel,311,338,27,12.42,10.70
2,18,20,Random,21,drum,stool,trash can,220,280,60,12.42,10.70
2,18,20,Random,31,tree ,barrell,basketball,35,27,8,12.42,10.70
2,18,20,Random,4,drum,traffic light,stool,193,199,6,12.42,10.70
2,18,20,Random,32,stool,wheel,barrell,312.5,324,12,12.42,10.70
2,18,20,Random,10,wheel,traffic light,barrell,144,162,18,12.42,10.70
2,18,20,Random,25,trash can,barrell,wheel,18,21,3,12.42,10.70
2,18,20,Random,7,drum,trash can,tree,146.5,145,2,12.42,10.70
2,18,20,Random,30,drum,wheel,bell,185,195,10,12.42,10.70
2,18,20,Random,6,tree ,trash can,bell,25,18,7,12.42,10.70
2,18,20,Random,2,tree,basketball,wheel,2.5,2,1,12.42,10.70
2,18,20,Random,29,stool,basketball,trash can,106,95,11,12.42,10.70
2,18,20,Random,14,barrell,tree,basketball,311.5,296,16,12.42,10.70
2,18,20,Random,22,drum,tree,barrell,55,88,33,12.42,10.70
6,19,20,Random,7,drum,trash can,tree,146.5,153,6,14.81,18.50
6,19,20,Random,18,wheel,tree,drum,310,319,9,14.81,18.50
6,19,20,Random,21,drum,stool,trash can,220,252,32,14.81,18.50
6,19,20,Random,31,tree ,barrell,basketball,35,37,2,14.81,18.50
6,19,20,Random,24,traffic light,barrell,basketball,342,341,1,14.81,18.50
6,19,20,Random,6,tree ,trash can,bell,25,28,3,14.81,18.50
6,19,20,Random,2,tree,basketball,wheel,2.5,4,2,14.81,18.50
6,19,20,Random,4,drum,traffic light,stool,193,184,9,14.81,18.50
6,19,20,Random,8,barrell,traffic light,bell,40,140,100,14.81,18.50
6,19,20,Random,10,wheel,traffic light,barrell,144,128,16,14.81,18.50
6,19,20,Random,13,basketball,bell,tree,67.5,73,6,14.81,18.50
6,19,20,Random,32,stool,wheel,barrell,312.5,294,18,14.81,18.50
6,19,20,Random,28,stool,barrell,traffic light,89.5,85,4,14.81,18.50
6,19,20,Random,14,barrell,tree,basketball,311.5,328,16,14.81,18.50
6,19,20,Random,5,stool,drum,wheel,311,339,28,14.81,18.50
6,19,20,Random,9,barrell,trash can,tree,64.5,52,12,14.81,18.50
6,19,20,Random,23,trash can,tree,wheel,50,62,12,14.81,18.50
6,19,20,Random,19,traffic light,drum,barrell,54.5,23,32,14.81,18.50
6,19,20,Random,22,drum,tree,barrell,55,34,21,14.81,18.50
6,19,20,Random,26,drum,basketball,trash can,164,156,8,14.81,18.50
6,19,20,Random,16,drum,bell,wheel,173.5,179,6,14.81,18.50
6,19,20,Random,27,bell,stool,tree,331.5,339,8,14.81,18.50
6,19,20,Random,20,trash can,bell,tree,34,17,17,14.81,18.50
6,19,20,Random,29,stool,basketball,trash can,106,85,21,14.81,18.50
6,19,20,Random,17,basketball,tree,wheel,184,184,0,14.81,18.50
6,19,20,Random,1,bell,traffic light,drum,336.5,341,4,14.81,18.50
6,19,20,Random,12,barrell,bell,wheel,306,267,39,14.81,18.50
6,19,20,Random,15,wheel,stool,drum,333.5,337,4,14.81,18.50
6,19,20,Random,3,basketball,wheel,trash can,68.5,88,20,14.81,18.50
6,19,20,Random,25,trash can,barrell,wheel,18,25,7,14.81,18.50
6,19,20,Random,11,barrell,basketball,stool,13.5,6,8,14.81,18.50
6,19,20,Random,30,drum,wheel,bell,185,188,3,14.81,18.50
47,18,20,Random,12,barrell,bell,wheel,306,346,40,10.62,10.67
47,18,20,Random,10,wheel,traffic light,barrell,144,147,3,10.62,10.67
47,18,20,Random,19,traffic light,drum,barrell,54.5,60,6,10.62,10.67
47,18,20,Random,17,basketball,tree,wheel,184,183,1,10.62,10.67
47,18,20,Random,26,drum,basketball,trash can,164,162,2,10.62,10.67
47,18,20,Random,31,tree ,barrell,basketball,35,31,4,10.62,10.67
47,18,20,Random,22,drum,tree,barrell,55,49,6,10.62,10.67
47,18,20,Random,27,bell,stool,tree,331.5,336,4,10.62,10.67
47,18,20,Random,3,basketball,wheel,trash can,68.5,91,22,10.62,10.67
47,18,20,Random,1,bell,traffic light,drum,336.5,342,6,10.62,10.67
47,18,20,Random,18,wheel,tree,drum,310,329,19,10.62,10.67
47,18,20,Random,25,trash can,barrell,wheel,18,18,0,10.62,10.67
47,18,20,Random,2,tree,basketball,wheel,2.5,1,2,10.62,10.67
47,18,20,Random,13,basketball,bell,tree,67.5,85,18,10.62,10.67
47,18,20,Random,11,barrell,basketball,stool,13.5,7,6,10.62,10.67
47,18,20,Random,16,drum,bell,wheel,173.5,166,8,10.62,10.67
47,18,20,Random,32,stool,wheel,barrell,312.5,309,4,10.62,10.67
47,18,20,Random,20,trash can,bell,tree,34,18,16,10.62,10.67
47,18,20,Random,6,tree ,trash can,bell,25,36,11,10.62,10.67
47,18,20,Random,23,trash can,tree,wheel,50,75,25,10.62,10.67
47,18,20,Random,7,drum,trash can,tree,146.5,136,10,10.62,10.67
47,18,20,Random,30,drum,wheel,bell,185,184,1,10.62,10.67
47,18,20,Random,24,traffic light,barrell,basketball,342,338,4,10.62,10.67
47,18,20,Random,21,drum,stool,trash can,220,261,41,10.62,10.67
47,18,20,Random,28,stool,barrell,traffic light,89.5,82,8,10.62,10.67
47,18,20,Random,29,stool,basketball,trash can,106,101,5,10.62,10.67
47,18,20,Random,5,stool,drum,wheel,311,340,29,10.62,10.67
47,18,20,Random,9,barrell,trash can,tree,64.5,73,8,10.62,10.67
47,18,20,Random,4,drum,traffic light,stool,193,204,11,10.62,10.67
47,18,20,Random,8,barrell,traffic light,bell,40,46,6,10.62,10.67
47,18,20,Random,15,wheel,stool,drum,333.5,335,2,10.62,10.67
47,18,20,Random,14,barrell,tree,basketball,311.5,300,12,10.62,10.67
46,22,20,Random,22,drum,tree,barrell,55,77,22,11.97,24.91
46,22,20,Random,31,tree ,barrell,basketball,35,38,3,11.97,24.91
46,22,20,Random,25,trash can,barrell,wheel,18,24,6,11.97,24.91
46,22,20,Random,13,basketball,bell,tree,67.5,69,2,11.97,24.91
46,22,20,Random,3,basketball,wheel,trash can,68.5,73,4,11.97,24.91
46,22,20,Random,12,barrell,bell,wheel,306,316,10,11.97,24.91
46,22,20,Random,5,stool,drum,wheel,311,330,19,11.97,24.91
46,22,20,Random,21,drum,stool,trash can,220,218,2,11.97,24.91
46,22,20,Random,10,wheel,traffic light,barrell,144,153,9,11.97,24.91
46,22,20,Random,30,drum,wheel,bell,185,187,2,11.97,24.91
46,22,20,Random,9,barrell,trash can,tree,64.5,68,4,11.97,24.91
46,22,20,Random,2,tree,basketball,wheel,2.5,3,1,11.97,24.91
46,22,20,Random,1,bell,traffic light,drum,336.5,338,2,11.97,24.91
46,22,20,Random,15,wheel,stool,drum,333.5,336,2,11.97,24.91
46,22,20,Random,23,trash can,tree,wheel,50,267,143,11.97,24.91
46,22,20,Random,32,stool,wheel,barrell,312.5,306,6,11.97,24.91
46,22,20,Random,24,traffic light,barrell,basketball,342,344,2,11.97,24.91
46,22,20,Random,16,drum,bell,wheel,173.5,175,2,11.97,24.91
46,22,20,Random,29,stool,basketball,trash can,106,95,11,11.97,24.91
46,22,20,Random,20,trash can,bell,tree,34,27,7,11.97,24.91
46,22,20,Random,17,basketball,tree,wheel,184,176,8,11.97,24.91
46,22,20,Random,11,barrell,basketball,stool,13.5,3,10,11.97,24.91
46,22,20,Random,19,traffic light,drum,barrell,54.5,41,14,11.97,24.91
46,22,20,Random,8,barrell,traffic light,bell,40,45,5,11.97,24.91
46,22,20,Random,7,drum,trash can,tree,146.5,143,4,11.97,24.91
46,22,20,Random,26,drum,basketball,trash can,164,167,3,11.97,24.91
46,22,20,Random,6,tree ,trash can,bell,25,26,1,11.97,24.91
46,22,20,Random,27,bell,stool,tree,331.5,341,10,11.97,24.91
46,22,20,Random,14,barrell,tree,basketball,311.5,339,28,11.97,24.91
46,22,20,Random,18,wheel,tree,drum,310,334,24,11.97,24.91
46,22,20,Random,28,stool,barrell,traffic light,89.5,78,12,11.97,24.91
46,22,20,Random,4,drum,traffic light,stool,193,198,5,11.97,24.91
7,18,20,Random,6,tree ,trash can,bell,25,28,3,24.38,35.17
7,18,20,Random,5,stool,drum,wheel,311,336,25,24.38,35.17
7,18,20,Random,12,barrell,bell,wheel,306,299,7,24.38,35.17
7,18,20,Random,21,drum,stool,trash can,220,202,18,24.38,35.17
7,18,20,Random,1,bell,traffic light,drum,336.5,340,4,24.38,35.17
7,18,20,Random,16,drum,bell,wheel,173.5,181,8,24.38,35.17
7,18,20,Random,18,wheel,tree,drum,310,323,13,24.38,35.17
7,18,20,Random,8,barrell,traffic light,bell,40,46,6,24.38,35.17
7,18,20,Random,24,traffic light,barrell,basketball,342,341,1,24.38,35.17
7,18,20,Random,19,traffic light,drum,barrell,54.5,44,10,24.38,35.17
7,18,20,Random,22,drum,tree,barrell,55,85,30,24.38,35.17
7,18,20,Random,11,barrell,basketball,stool,13.5,22,8,24.38,35.17
7,18,20,Random,7,drum,trash can,tree,146.5,135,12,24.38,35.17
7,18,20,Random,4,drum,traffic light,stool,193,178,15,24.38,35.17
7,18,20,Random,28,stool,barrell,traffic light,89.5,89,1,24.38,35.17
7,18,20,Random,31,tree ,barrell,basketball,35,29,6,24.38,35.17
7,18,20,Random,13,basketball,bell,tree,67.5,309,118,24.38,35.17
7,18,20,Random,14,barrell,tree,basketball,311.5,45,94,24.38,35.17
7,18,20,Random,20,trash can,bell,tree,34,30,4,24.38,35.17
7,18,20,Random,2,tree,basketball,wheel,2.5,330,32,24.38,35.17
7,18,20,Random,32,stool,wheel,barrell,312.5,307,6,24.38,35.17
7,18,20,Random,30,drum,wheel,bell,185,182,3,24.38,35.17
7,18,20,Random,29,stool,basketball,trash can,106,205,99,24.38,35.17
7,18,20,Random,3,basketball,wheel,trash can,68.5,171,102,24.38,35.17
7,18,20,Random,23,trash can,tree,wheel,50,84,34,24.38,35.17
7,18,20,Random,26,drum,basketball,trash can,164,167,3,24.38,35.17
7,18,20,Random,27,bell,stool,tree,331.5,326,6,24.38,35.17
7,18,20,Random,15,wheel,stool,drum,333.5,333,1,24.38,35.17
7,18,20,Random,10,wheel,traffic light,barrell,144,240,96,24.38,35.17
7,18,20,Random,17,basketball,tree,wheel,184,187,3,24.38,35.17
7,18,20,Random,25,trash can,barrell,wheel,18,29,11,24.38,35.17
7,18,20,Random,9,barrell,trash can,tree,64.5,64,1,24.38,35.17
5,19,20,Random,20,trash can,bell,tree,34,16,18,15.22,18.39
5,19,20,Random,12,barrell,bell,wheel,306,287,19,15.22,18.39
5,19,20,Random,23,trash can,tree,wheel,50,70,20,15.22,18.39
5,19,20,Random,26,drum,basketball,trash can,164,154,10,15.22,18.39
5,19,20,Random,8,barrell,traffic light,bell,40,63,23,15.22,18.39
5,19,20,Random,29,stool,basketball,trash can,106,137,31,15.22,18.39
5,19,20,Random,17,basketball,tree,wheel,184,180,4,15.22,18.39
5,19,20,Random,3,basketball,wheel,trash can,68.5,66,2,15.22,18.39
5,19,20,Random,24,traffic light,barrell,basketball,342,336,6,15.22,18.39
5,19,20,Random,27,bell,stool,tree,331.5,318,14,15.22,18.39
5,19,20,Random,21,drum,stool,trash can,220,325,105,15.22,18.39
5,19,20,Random,31,tree ,barrell,basketball,35,26,9,15.22,18.39
5,19,20,Random,2,tree,basketball,wheel,2.5,3,1,15.22,18.39
5,19,20,Random,11,barrell,basketball,stool,13.5,6,8,15.22,18.39
5,19,20,Random,30,drum,wheel,bell,185,172,13,15.22,18.39
5,19,20,Random,5,stool,drum,wheel,311,345,34,15.22,18.39
5,19,20,Random,16,drum,bell,wheel,173.5,179,6,15.22,18.39
5,19,20,Random,7,drum,trash can,tree,146.5,155,8,15.22,18.39
5,19,20,Random,14,barrell,tree,basketball,311.5,321,10,15.22,18.39
5,19,20,Random,25,trash can,barrell,wheel,18,34,16,15.22,18.39
5,19,20,Random,28,stool,barrell,traffic light,89.5,90,1,15.22,18.39
5,19,20,Random,15,wheel,stool,drum,333.5,339,6,15.22,18.39
5,19,20,Random,32,stool,wheel,barrell,312.5,315,2,15.22,18.39
5,19,20,Random,4,drum,traffic light,stool,193,187,6,15.22,18.39
5,19,20,Random,18,wheel,tree,drum,310,330,20,15.22,18.39
5,19,20,Random,22,drum,tree,barrell,55,78,23,15.22,18.39
5,19,20,Random,9,barrell,trash can,tree,64.5,82,18,15.22,18.39
5,19,20,Random,13,basketball,bell,tree,67.5,77,10,15.22,18.39
5,19,20,Random,10,wheel,traffic light,barrell,144,159,15,15.22,18.39
5,19,20,Random,19,traffic light,drum,barrell,54.5,38,16,15.22,18.39
5,19,20,Random,6,tree ,trash can,bell,25,22,3,15.22,18.39
5,19,20,Random,1,bell,traffic light,drum,336.5,346,10,15.22,18.39
44,19,20,Random,7,drum,trash can,tree,146.5,157,10,8.88,6.70
44,19,20,Random,32,stool,wheel,barrell,312.5,309,4,8.88,6.70
44,19,20,Random,14,barrell,tree,basketball,311.5,338,26,8.88,6.70
44,19,20,Random,26,drum,basketball,trash can,164,172,8,8.88,6.70
44,19,20,Random,24,traffic light,barrell,basketball,342,331,11,8.88,6.70
44,19,20,Random,4,drum,traffic light,stool,193,196,3,8.88,6.70
44,19,20,Random,23,trash can,tree,wheel,50,37,13,8.88,6.70
44,19,20,Random,19,traffic light,drum,barrell,54.5,32,22,8.88,6.70
44,19,20,Random,13,basketball,bell,tree,67.5,62,6,8.88,6.70
44,19,20,Random,9,barrell,trash can,tree,64.5,79,14,8.88,6.70
44,19,20,Random,29,stool,basketball,trash can,106,116,10,8.88,6.70
44,19,20,Random,25,trash can,barrell,wheel,18,22,4,8.88,6.70
44,19,20,Random,27,bell,stool,tree,331.5,321,10,8.88,6.70
44,19,20,Random,21,drum,stool,trash can,220,213,7,8.88,6.70
44,19,20,Random,3,basketball,wheel,trash can,68.5,74,6,8.88,6.70
44,19,20,Random,10,wheel,traffic light,barrell,144,141,3,8.88,6.70
44,19,20,Random,5,stool,drum,wheel,311,323,12,8.88,6.70
44,19,20,Random,2,tree,basketball,wheel,2.5,4,2,8.88,6.70
44,19,20,Random,8,barrell,traffic light,bell,40,43,3,8.88,6.70
44,19,20,Random,28,stool,barrell,traffic light,89.5,85,4,8.88,6.70
44,19,20,Random,30,drum,wheel,bell,185,180,5,8.88,6.70
44,19,20,Random,12,barrell,bell,wheel,306,317,11,8.88,6.70
44,19,20,Random,1,bell,traffic light,drum,336.5,314,22,8.88,6.70
44,19,20,Random,11,barrell,basketball,stool,13.5,10,4,8.88,6.70
44,19,20,Random,22,drum,tree,barrell,55,65,10,8.88,6.70
44,19,20,Random,16,drum,bell,wheel,173.5,179,6,8.88,6.70
44,19,20,Random,18,wheel,tree,drum,310,336,26,8.88,6.70
44,19,20,Random,17,basketball,tree,wheel,184,180,4,8.88,6.70
44,19,20,Random,6,tree ,trash can,bell,25,30,5,8.88,6.70
44,19,20,Random,31,tree ,barrell,basketball,35,31,4,8.88,6.70
44,19,20,Random,20,trash can,bell,tree,34,31,3,8.88,6.70
44,19,20,Random,15,wheel,stool,drum,333.5,340,6,8.88,6.70
45,18,20,Random,19,traffic light,drum,barrell,54.5,42,12,5.75,5.16
45,18,20,Random,4,drum,traffic light,stool,193,193,0,5.75,5.16
45,18,20,Random,13,basketball,bell,tree,67.5,60,8,5.75,5.16
45,18,20,Random,14,barrell,tree,basketball,311.5,308,4,5.75,5.16
45,18,20,Random,26,drum,basketball,trash can,164,164,0,5.75,5.16
45,18,20,Random,16,drum,bell,wheel,173.5,168,6,5.75,5.16
45,18,20,Random,32,stool,wheel,barrell,312.5,307,6,5.75,5.16
45,18,20,Random,30,drum,wheel,bell,185,184,1,5.75,5.16
45,18,20,Random,24,traffic light,barrell,basketball,342,339,3,5.75,5.16
45,18,20,Random,2,tree,basketball,wheel,2.5,5,2,5.75,5.16
45,18,20,Random,10,wheel,traffic light,barrell,144,143,1,5.75,5.16
45,18,20,Random,15,wheel,stool,drum,333.5,350,16,5.75,5.16
45,18,20,Random,28,stool,barrell,traffic light,89.5,86,4,5.75,5.16
45,18,20,Random,27,bell,stool,tree,331.5,334,2,5.75,5.16
45,18,20,Random,18,wheel,tree,drum,310,322,12,5.75,5.16
45,18,20,Random,3,basketball,wheel,trash can,68.5,65,4,5.75,5.16
45,18,20,Random,31,tree ,barrell,basketball,35,34,1,5.75,5.16
45,18,20,Random,23,trash can,tree,wheel,50,37,13,5.75,5.16
45,18,20,Random,6,tree ,trash can,bell,25,25,0,5.75,5.16
45,18,20,Random,5,stool,drum,wheel,311,309,2,5.75,5.16
45,18,20,Random,12,barrell,bell,wheel,306,293,13,5.75,5.16
45,18,20,Random,1,bell,traffic light,drum,336.5,342,6,5.75,5.16
45,18,20,Random,25,trash can,barrell,wheel,18,9,9,5.75,5.16
45,18,20,Random,22,drum,tree,barrell,55,38,17,5.75,5.16
45,18,20,Random,29,stool,basketball,trash can,106,106,0,5.75,5.16
45,18,20,Random,9,barrell,trash can,tree,64.5,54,10,5.75,5.16
45,18,20,Random,17,basketball,tree,wheel,184,187,3,5.75,5.16
45,18,20,Random,7,drum,trash can,tree,146.5,133,14,5.75,5.16
45,18,20,Random,20,trash can,bell,tree,34,27,7,5.75,5.16
45,18,20,Random,11,barrell,basketball,stool,13.5,9,4,5.75,5.16
45,18,20,Random,8,barrell,traffic light,bell,40,44,4,5.75,5.16
45,18,20,Random,21,drum,stool,trash can,220,220,0,5.75,5.16
4,18,20,Random,13,basketball,bell,tree,67.5,55,12,26.34,25.07
4,18,20,Random,20,trash can,bell,tree,34,28,6,26.34,25.07
4,18,20,Random,24,traffic light,barrell,basketball,342,341,1,26.34,25.07
4,18,20,Random,31,tree ,barrell,basketball,35,20,15,26.34,25.07
4,18,20,Random,26,drum,basketball,trash can,164,136,28,26.34,25.07
4,18,20,Random,21,drum,stool,trash can,220,134,86,26.34,25.07
4,18,20,Random,6,tree ,trash can,bell,25,94,69,26.34,25.07
4,18,20,Random,11,barrell,basketball,stool,13.5,19,6,26.34,25.07
4,18,20,Random,16,drum,bell,wheel,173.5,164,10,26.34,25.07
4,18,20,Random,9,barrell,trash can,tree,64.5,94,30,26.34,25.07
4,18,20,Random,23,trash can,tree,wheel,50,43,7,26.34,25.07
4,18,20,Random,25,trash can,barrell,wheel,18,27,9,26.34,25.07
4,18,20,Random,19,traffic light,drum,barrell,54.5,35,20,26.34,25.07
4,18,20,Random,18,wheel,tree,drum,310,16,66,26.34,25.07
4,18,20,Random,32,stool,wheel,barrell,312.5,326,14,26.34,25.07
4,18,20,Random,5,stool,drum,wheel,311,327,16,26.34,25.07
4,18,20,Random,15,wheel,stool,drum,333.5,341,8,26.34,25.07
4,18,20,Random,7,drum,trash can,tree,146.5,143,4,26.34,25.07
4,18,20,Random,29,stool,basketball,trash can,106,72,34,26.34,25.07
4,18,20,Random,1,bell,traffic light,drum,336.5,321,16,26.34,25.07
4,18,20,Random,28,stool,barrell,traffic light,89.5,49,40,26.34,25.07
4,18,20,Random,30,drum,wheel,bell,185,148,37,26.34,25.07
4,18,20,Random,22,drum,tree,barrell,55,46,9,26.34,25.07
4,18,20,Random,10,wheel,traffic light,barrell,144,124,20,26.34,25.07
4,18,20,Random,4,drum,traffic light,stool,193,255,62,26.34,25.07
4,18,20,Random,14,barrell,tree,basketball,311.5,319,8,26.34,25.07
4,18,20,Random,27,bell,stool,tree,331.5,321,10,26.34,25.07
4,18,20,Random,3,basketball,wheel,trash can,68.5,45,24,26.34,25.07
4,18,20,Random,2,tree,basketball,wheel,2.5,4,2,26.34,25.07
4,18,20,Random,12,barrell,bell,wheel,306,234,72,26.34,25.07
4,18,20,Random,8,barrell,traffic light,bell,40,123,83,26.34,25.07
4,18,20,Random,17,basketball,tree,wheel,184,203,19,26.34,25.07
